Feature,Importance,Std
away_goal_diff_l10,0.03448275862068965,0.03383816423880401
away_shots_against_ewm10,0.028352490421455934,0.015815913747548115
away_rest_days,0.027586206896551713,0.006591820128002013
away_clean_sheet_l10,0.025287356321839073,0.01201868746464225
away_goals_against_l5,0.022988505747126443,0.011365821436161942
home_shots_against_ewm10,0.02298850574712642,0.01607369882253106
home_shots_for_ewm10,0.02145593869731801,0.008601511233963076
away_points_l5,0.01915708812260536,0.008394215440692212
away_goals_for_l5,0.013026819923371635,0.01790547347976693
away_shots_for_ewm10,0.010727969348658994,0.013360609788630429
home_clean_sheet_l10,0.009195402298850575,0.012959030287576835
home_goal_diff_l10,0.006896551724137912,0.011721883939293761
home_rest_days,0.006896551724137912,0.012212549770505156
home_history_n,0.006130268199233712,0.007889371755545611
away_history_n,0.004597701149425271,0.0070231045133422815
home_points_l5,0.004597701149425271,0.009813217222119313
home_goals_against_l5,0.002298850574712641,0.007889371755545585
PPH,0.0,0.0
PPD,0.0,0.0
SKBH,0.0,0.0
SKBCA,0.0,0.0
SKBCD,0.0,0.0
PPCH,0.0,0.0
PPCD,0.0,0.0
PPCA,0.0,0.0
SKBCH,0.0,0.0
HomeTeamPointsLast5,0.0,0.0
SKBD,0.0,0.0
PPA,0.0,0.0
SKBA,0.0,0.0
HomeRestDays,0.0,0.0
AwayTeamPointsLast5,0.0,0.0
AwayRestDays,0.0,0.0
home_goals_for_l5,-1.1102230246251566e-17,0.0054184427677130146
