Feature,Mean_SHAP
home_shots_against_ewm10,0.48478177
away_goal_diff_l10,0.29919252
away_rest_days,0.23270679
away_goals_for_l5,0.21868639
away_history_n,0.21713252
away_shots_against_ewm10,0.21416189
away_shots_for_ewm10,0.1961708
home_shots_for_ewm10,0.1882043
away_goals_against_l5,0.17086118
home_goal_diff_l10,0.1677032
home_history_n,0.15494607
home_rest_days,0.15463144
away_clean_sheet_l10,0.14306521
home_goals_against_l5,0.14060073
home_clean_sheet_l10,0.11797539
home_goals_for_l5,0.111870565
away_points_l5,0.1087253
home_points_l5,0.09726935
PPD,0.0
PPH,0.0
SKBCA,0.0
SKBCD,0.0
PPCH,0.0
PPCD,0.0
PPCA,0.0
SKBCH,0.0
SKBH,0.0
PPA,0.0
SKBD,0.0
SKBA,0.0
HomeTeamPointsLast5,0.0
AwayTeamPointsLast5,0.0
HomeRestDays,0.0
AwayRestDays,0.0
