match_id	league_id	season	match_date	kickoff_utc	status	home_team_id_provider	away_team_id_provider	home_team_name_provider	away_team_name_provider	home_team	away_team	score_home	score_away	round_name	observed_at	provider_schema_version	league_key	fixture_id	home_team_id	away_team_id
m_1QSdFb	l_4H43wr	2026/2027	2026-08-07	2026-08-07T18:00:00+00:00	finished	t_0xzKwf	t_0YKcf0	Cambuur	Excelsior	Cambuur	Excelsior	0.0	4.0		2026-10-02T15:39:10.923644+00:00	2	eredivisie	fx:cbd1fce95e8194a0815e	eredivisie:cambuur	eredivisie:excelsior
m_0Z2FzI	l_4H43wr	2026/2027	2026-08-08	2026-08-08T14:30:00+00:00	finished	t_20mGQ4	t_0OrDTY	NEC Nijmegen	Telstar	NEC Nijmegen	Telstar	1.0	2.0		2026-10-02T15:39:10.923644+00:00	2	eredivisie	fx:436ef5d4b1c78a10033e	eredivisie:nijmegen	eredivisie:telstar
m_2XbLiH	l_4H43wr	2026/2027	2026-08-08	2026-08-08T16:45:00+00:00	finished	t_0maIeN	t_0Y6Ely	Go Ahead Eagles	Willem II	Go Ahead Eagles	Willem II	4.0	1.0		2026-10-02T15:39:10.923644+00:00	2	eredivisie	fx:b9951b4eaa99d981b5cd	eredivisie:go-ahead-eagles	eredivisie:willem-ii
m_4T4uin	l_4H43wr	2026/2027	2026-08-08	2026-08-08T18:00:00+00:00	finished	t_1jOgDP	t_4CovDc	PSV Eindhoven	Fortuna Sittard	PSV Eindhoven	Fortuna Sittard	2.0	2.0		2026-10-02T15:39:10.923644+00:00	2	eredivisie	fx:2353c19b9ed4dd733337	eredivisie:psv-eindhoven	eredivisie:for-sittard
m_1fL7ll	l_4H43wr	2026/2027	2026-08-08	2026-08-08T19:00:00+00:00	finished	t_1cDwJb	t_0aaGiw	AZ Alkmaar	ADO Den Haag	AZ Alkmaar	ADO Den Haag	2.0	0.0		2026-10-02T15:39:10.923644+00:00	2	eredivisie			
m_0vp0dc	l_4H43wr	2026/2027	2026-08-09	2026-08-09T10:15:00+00:00	finished	t_2SrGqX	t_4KvHFN	Sparta Rotterdam	Feyenoord	Sparta Rotterdam	Feyenoord	0.0	1.0		2026-10-02T15:39:10.923644+00:00	2	eredivisie	fx:88ac38c8b7e5268d2e66	eredivisie:sparta-rotterdam	eredivisie:feyenoord
m_0EwP6G	l_4H43wr	2026/2027	2026-08-09	2026-08-09T12:30:00+00:00	finished	t_0XuoVw	t_0oYO4I	FC Groningen	FC Utrecht	FC Groningen	FC Utrecht	2.0	1.0		2026-10-02T15:39:10.923644+00:00	2	eredivisie	fx:84d9146a8c91c434cf01	eredivisie:groningen	eredivisie:utrecht
m_1HJcIJ	l_4H43wr	2026/2027	2026-08-09	2026-08-09T12:30:00+00:00	finished	t_0IKBux	t_3t08JG	PEC Zwolle	Ajax	PEC Zwolle	Ajax	0.0	2.0		2026-10-02T15:39:10.923644+00:00	2	eredivisie	fx:b2d65a064653d71cd4d0	eredivisie:zwolle	eredivisie:ajax
m_3IZo1t	l_4H43wr	2026/2027	2026-08-09	2026-08-09T14:45:00+00:00	finished	t_4OA2eZ	t_0Q0ym3	SC Heerenveen	FC Twente	SC Heerenveen	FC Twente	1.0	0.0		2026-10-02T15:39:10.923644+00:00	2	eredivisie			
m_0o3QVm	l_4H43wr	2026/2027	2026-08-14	2026-08-14T18:00:00+00:00	finished	t_0OrDTY	t_2SrGqX	Telstar	Sparta Rotterdam	Telstar	Sparta Rotterdam	1.0	3.0		2026-10-02T15:39:10.923644+00:00	2	eredivisie	fx:a7125aa9d7ef3520715e	eredivisie:telstar	eredivisie:sparta-rotterdam
m_3fLHWx	l_4H43wr	2026/2027	2026-08-15	2026-08-15T14:30:00+00:00	finished	t_0Y6Ely	t_20mGQ4	Willem II	NEC Nijmegen	Willem II	NEC Nijmegen	1.0	4.0		2026-10-02T15:39:10.923644+00:00	2	eredivisie	fx:72ab6119a975269d334b	eredivisie:willem-ii	eredivisie:nijmegen
m_2epM6B	l_4H43wr	2026/2027	2026-08-15	2026-08-15T16:45:00+00:00	finished	t_0oYO4I	t_1cDwJb	FC Utrecht	AZ Alkmaar	FC Utrecht	AZ Alkmaar	1.0	4.0		2026-10-02T15:39:10.923644+00:00	2	eredivisie	fx:020db09e6ecf1c96813a	eredivisie:utrecht	eredivisie:az-alkmaar
m_17zQvi	l_4H43wr	2026/2027	2026-08-15	2026-08-15T18:00:00+00:00	finished	t_0YKcf0	t_1jOgDP	Excelsior	PSV Eindhoven	Excelsior	PSV Eindhoven	1.0	2.0		2026-10-02T15:39:10.923644+00:00	2	eredivisie	fx:248afc010b5e33270f8c	eredivisie:excelsior	eredivisie:psv-eindhoven
m_4axHKC	l_4H43wr	2026/2027	2026-08-15	2026-08-15T19:00:00+00:00	finished	t_4CovDc	t_0xzKwf	Fortuna Sittard	Cambuur	Fortuna Sittard	Cambuur	3.0	1.0		2026-10-02T15:39:10.923644+00:00	2	eredivisie	fx:56e7dd6e0aa1af9021f4	eredivisie:for-sittard	eredivisie:cambuur
m_1FkuXu	l_4H43wr	2026/2027	2026-08-16	2026-08-16T10:15:00+00:00	finished	t_0aaGiw	t_0XuoVw	ADO Den Haag	FC Groningen	ADO Den Haag	FC Groningen	1.0	4.0		2026-10-02T15:39:10.923644+00:00	2	eredivisie			
m_0ULQyD	l_4H43wr	2026/2027	2026-08-16	2026-08-16T12:30:00+00:00	finished	t_4KvHFN	t_0maIeN	Feyenoord	Go Ahead Eagles	Feyenoord	Go Ahead Eagles	2.0	2.0		2026-10-02T15:39:10.923644+00:00	2	eredivisie	fx:e2cd439c1d5116486502	eredivisie:feyenoord	eredivisie:go-ahead-eagles
m_1D2Qjl	l_4H43wr	2026/2027	2026-08-16	2026-08-16T12:30:00+00:00	finished	t_0Q0ym3	t_0IKBux	FC Twente	PEC Zwolle	FC Twente	PEC Zwolle	3.0	1.0		2026-10-02T15:39:10.923644+00:00	2	eredivisie	fx:f52df4e48fcc9509ca21	eredivisie:twente	eredivisie:zwolle
m_35TtLz	l_4H43wr	2026/2027	2026-08-16	2026-08-16T14:45:00+00:00	finished	t_3t08JG	t_4OA2eZ	Ajax	SC Heerenveen	Ajax	SC Heerenveen	2.0	2.0		2026-10-02T15:39:10.923644+00:00	2	eredivisie			
m_2LqjEE	l_4H43wr	2026/2027	2026-08-22	2026-08-22T14:30:00+00:00	finished	t_4CovDc	t_1cDwJb	Fortuna Sittard	AZ Alkmaar	Fortuna Sittard	AZ Alkmaar	0.0	2.0		2026-10-02T15:39:10.923644+00:00	2	eredivisie	fx:d0c08051c5134e7a5b15	eredivisie:for-sittard	eredivisie:az-alkmaar
m_37l7ol	l_4H43wr	2026/2027	2026-08-22	2026-08-22T16:45:00+00:00	finished	t_2SrGqX	t_0oYO4I	Sparta Rotterdam	FC Utrecht	Sparta Rotterdam	FC Utrecht	3.0	3.0		2026-10-02T15:39:10.923644+00:00	2	eredivisie	fx:ed8d0cf13c8d9e6927fc	eredivisie:sparta-rotterdam	eredivisie:utrecht
m_496lkN	l_4H43wr	2026/2027	2026-08-22	2026-08-22T19:00:00+00:00	finished	t_4OA2eZ	t_0IKBux	SC Heerenveen	PEC Zwolle	SC Heerenveen	PEC Zwolle	0.0	2.0		2026-10-02T15:39:10.923644+00:00	2	eredivisie			
m_2hwPxh	l_4H43wr	2026/2027	2026-08-23	2026-08-23T10:15:00+00:00	finished	t_0maIeN	t_0aaGiw	Go Ahead Eagles	ADO Den Haag	Go Ahead Eagles	ADO Den Haag	3.0	1.0		2026-10-02T15:39:10.923644+00:00	2	eredivisie			
m_48IBSb	l_4H43wr	2026/2027	2026-08-23	2026-08-23T12:30:00+00:00	finished	t_1jOgDP	t_0XuoVw	PSV Eindhoven	FC Groningen	PSV Eindhoven	FC Groningen	5.0	1.0		2026-10-02T15:39:10.923644+00:00	2	eredivisie	fx:33b855228435f9fbf7b6	eredivisie:psv-eindhoven	eredivisie:groningen
m_1fb2Bg	l_4H43wr	2026/2027	2026-08-23	2026-08-23T14:45:00+00:00	finished	t_0xzKwf	t_4KvHFN	Cambuur	Feyenoord	Cambuur	Feyenoord	2.0	5.0		2026-10-02T15:39:10.923644+00:00	2	eredivisie	fx:75be0f62ed221ac5e2ec	eredivisie:cambuur	eredivisie:feyenoord
m_4f8MLp	l_4H43wr	2026/2027	2026-08-28	2026-08-28T18:00:00+00:00	finished	t_0XuoVw	t_4CovDc	FC Groningen	Fortuna Sittard	FC Groningen	Fortuna Sittard	2.0	3.0		2026-10-02T15:39:10.923644+00:00	2	eredivisie	fx:f89beb9123b860aec994	eredivisie:groningen	eredivisie:for-sittard
m_2WMYye	l_4H43wr	2026/2027	2026-08-29	2026-08-29T14:30:00+00:00	finished	t_0YKcf0	t_2SrGqX	Excelsior	Sparta Rotterdam	Excelsior	Sparta Rotterdam	2.0	1.0		2026-10-02T15:39:10.923644+00:00	2	eredivisie	fx:8d8da07358f575c3ad9d	eredivisie:excelsior	eredivisie:sparta-rotterdam
m_0sEAAe	l_4H43wr	2026/2027	2026-08-29	2026-08-29T16:45:00+00:00	finished	t_1cDwJb	t_0maIeN	AZ Alkmaar	Go Ahead Eagles	AZ Alkmaar	Go Ahead Eagles	5.0	2.0		2026-10-02T15:39:10.923644+00:00	2	eredivisie	fx:1e7ec665a8e2cb370912	eredivisie:az-alkmaar	eredivisie:go-ahead-eagles
m_2Jh5ZH	l_4H43wr	2026/2027	2026-08-29	2026-08-29T19:00:00+00:00	finished	t_0IKBux	t_20mGQ4	PEC Zwolle	NEC Nijmegen	PEC Zwolle	NEC Nijmegen	1.0	3.0		2026-10-02T15:39:10.923644+00:00	2	eredivisie	fx:6e8ead1ab2da0a2ed681	eredivisie:zwolle	eredivisie:nijmegen
m_4VkOJv	l_4H43wr	2026/2027	2026-08-30	2026-08-30T10:15:00+00:00	finished	t_0oYO4I	t_1jOgDP	FC Utrecht	PSV Eindhoven	FC Utrecht	PSV Eindhoven	1.0	6.0		2026-10-02T15:39:10.923644+00:00	2	eredivisie	fx:e35aa5b4791f503ec4ff	eredivisie:utrecht	eredivisie:psv-eindhoven
m_17aMUD	l_4H43wr	2026/2027	2026-08-30	2026-08-30T12:30:00+00:00	finished	t_0Y6Ely	t_4OA2eZ	Willem II	SC Heerenveen	Willem II	SC Heerenveen	2.0	2.0		2026-10-02T15:39:10.923644+00:00	2	eredivisie			
m_3WmuL9	l_4H43wr	2026/2027	2026-08-30	2026-08-30T12:30:00+00:00	finished	t_4KvHFN	t_0aaGiw	Feyenoord	ADO Den Haag	Feyenoord	ADO Den Haag	2.0	2.0		2026-10-02T15:39:10.923644+00:00	2	eredivisie			
m_042XWP	l_4H43wr	2026/2027	2026-08-30	2026-08-30T14:45:00+00:00	finished	t_0OrDTY	t_3t08JG	Telstar	Ajax	Telstar	Ajax	0.0	4.0		2026-10-02T15:39:10.923644+00:00	2	eredivisie	fx:cfc6e1080330c05c267b	eredivisie:telstar	eredivisie:ajax
m_0dqkUT	l_4H43wr	2026/2027	2026-08-30	2026-08-30T18:00:00+00:00	finished	t_0xzKwf	t_0Q0ym3	Cambuur	FC Twente	Cambuur	FC Twente	1.0	4.0		2026-10-02T15:39:10.923644+00:00	2	eredivisie	fx:86321e5678af079c8563	eredivisie:cambuur	eredivisie:twente
m_0zrAhW	l_4H43wr	2026/2027	2026-09-04	2026-09-04T18:00:00+00:00	finished	t_2SrGqX	t_0IKBux	Sparta Rotterdam	PEC Zwolle	Sparta Rotterdam	PEC Zwolle	2.0	2.0		2026-10-02T15:39:10.923644+00:00	2	eredivisie	fx:b9bfe86fffdcaa40f831	eredivisie:sparta-rotterdam	eredivisie:zwolle
m_1x3k2E	l_4H43wr	2026/2027	2026-09-05	2026-09-05T14:30:00+00:00	finished	t_20mGQ4	t_4KvHFN	NEC Nijmegen	Feyenoord	NEC Nijmegen	Feyenoord	1.0	3.0		2026-10-02T15:39:10.923644+00:00	2	eredivisie	fx:9d27cc95f226d896b18e	eredivisie:nijmegen	eredivisie:feyenoord
m_1KnMIv	l_4H43wr	2026/2027	2026-09-05	2026-09-05T18:00:00+00:00	finished	t_3t08JG	t_1jOgDP	Ajax	PSV Eindhoven	Ajax	PSV Eindhoven	1.0	3.0		2026-10-02T15:39:10.923644+00:00	2	eredivisie	fx:77ffd72f2392373bba3d	eredivisie:ajax	eredivisie:psv-eindhoven
m_2uHmZR	l_4H43wr	2026/2027	2026-09-05	2026-09-05T19:00:00+00:00	finished	t_0Y6Ely	t_0YKcf0	Willem II	Excelsior	Willem II	Excelsior	0.0	3.0		2026-10-02T15:39:10.923644+00:00	2	eredivisie	fx:27669eca255915af2824	eredivisie:willem-ii	eredivisie:excelsior
m_0OPPDH	l_4H43wr	2026/2027	2026-09-06	2026-09-06T10:15:00+00:00	finished	t_0XuoVw	t_0Q0ym3	FC Groningen	FC Twente	FC Groningen	FC Twente	2.0	2.0		2026-10-02T15:39:10.923644+00:00	2	eredivisie	fx:938798fe0025589f94f2	eredivisie:groningen	eredivisie:twente
m_3wiIyc	l_4H43wr	2026/2027	2026-09-06	2026-09-06T12:30:00+00:00	finished	t_0OrDTY	t_0xzKwf	Telstar	Cambuur	Telstar	Cambuur	2.0	2.0		2026-10-02T15:39:10.923644+00:00	2	eredivisie	fx:d40a76203f482e37ffec	eredivisie:telstar	eredivisie:cambuur
m_4aQyh7	l_4H43wr	2026/2027	2026-09-06	2026-09-06T12:30:00+00:00	finished	t_4OA2eZ	t_1cDwJb	SC Heerenveen	AZ Alkmaar	SC Heerenveen	AZ Alkmaar	2.0	3.0		2026-10-02T15:39:10.923644+00:00	2	eredivisie			
m_2PlHQU	l_4H43wr	2026/2027	2026-09-06	2026-09-06T14:45:00+00:00	finished	t_0aaGiw	t_4CovDc	ADO Den Haag	Fortuna Sittard	ADO Den Haag	Fortuna Sittard	2.0	3.0		2026-10-02T15:39:10.923644+00:00	2	eredivisie			
m_0NEe3q	l_4H43wr	2026/2027	2026-09-08	2026-09-08T12:00:00+00:00	finished	t_0oYO4I	t_0maIeN	FC Utrecht	Go Ahead Eagles	FC Utrecht	Go Ahead Eagles	3.0	3.0		2026-10-02T15:39:10.923644+00:00	2	eredivisie	fx:c0c827beb589bf4dd658	eredivisie:utrecht	eredivisie:go-ahead-eagles
m_28pDkp	l_4H43wr	2026/2027	2026-09-08	2026-09-08T16:45:00+00:00	finished	t_20mGQ4	t_0YKcf0	NEC Nijmegen	Excelsior	NEC Nijmegen	Excelsior	2.0	2.0		2026-10-02T15:39:10.923644+00:00	2	eredivisie	fx:4f5c5758a9f36de2be54	eredivisie:nijmegen	eredivisie:excelsior
m_3KEhs4	l_4H43wr	2026/2027	2026-09-09	2026-09-09T16:45:00+00:00	finished	t_0Q0ym3	t_0OrDTY	FC Twente	Telstar	FC Twente	Telstar	1.0	0.0		2026-10-02T15:39:10.923644+00:00	2	eredivisie	fx:53c16f14d5b71504d593	eredivisie:twente	eredivisie:telstar
m_1qABan	l_4H43wr	2026/2027	2026-09-11	2026-09-11T18:00:00+00:00	finished	t_1cDwJb	t_0Y6Ely	AZ Alkmaar	Willem II	AZ Alkmaar	Willem II	1.0	1.0		2026-10-02T15:39:10.923644+00:00	2	eredivisie	fx:774b5d70d47dea72d345	eredivisie:az-alkmaar	eredivisie:willem-ii
m_3VvaQG	l_4H43wr	2026/2027	2026-09-12	2026-09-12T14:30:00+00:00	finished	t_0Q0ym3	t_0aaGiw	FC Twente	ADO Den Haag	FC Twente	ADO Den Haag	2.0	0.0		2026-10-02T15:39:10.923644+00:00	2	eredivisie			
m_49ODwd	l_4H43wr	2026/2027	2026-09-12	2026-09-12T16:45:00+00:00	finished	t_0maIeN	t_0XuoVw	Go Ahead Eagles	FC Groningen	Go Ahead Eagles	FC Groningen	1.0	1.0		2026-10-02T15:39:10.923644+00:00	2	eredivisie	fx:b39a27bc3d117dccc37d	eredivisie:go-ahead-eagles	eredivisie:groningen
m_3j7ON5	l_4H43wr	2026/2027	2026-09-12	2026-09-12T18:00:00+00:00	finished	t_4CovDc	t_3t08JG	Fortuna Sittard	Ajax	Fortuna Sittard	Ajax	1.0	5.0		2026-10-02T15:39:10.923644+00:00	2	eredivisie	fx:d62bfe6eb1d133bedb7f	eredivisie:for-sittard	eredivisie:ajax
m_1uxjEF	l_4H43wr	2026/2027	2026-09-12	2026-09-12T19:00:00+00:00	finished	t_0xzKwf	t_20mGQ4	Cambuur	NEC Nijmegen	Cambuur	NEC Nijmegen	3.0	0.0		2026-10-02T15:39:10.923644+00:00	2	eredivisie	fx:dc15671e5ce23b8f0179	eredivisie:cambuur	eredivisie:nijmegen
m_4Ee4Y1	l_4H43wr	2026/2027	2026-09-13	2026-09-13T10:15:00+00:00	finished	t_0YKcf0	t_0oYO4I	Excelsior	FC Utrecht	Excelsior	FC Utrecht	1.0	2.0		2026-10-02T15:39:10.923644+00:00	2	eredivisie	fx:f6f4d0d56f7639dfc1e3	eredivisie:excelsior	eredivisie:utrecht
m_4TeQcD	l_4H43wr	2026/2027	2026-09-13	2026-09-13T12:30:00+00:00	finished	t_4OA2eZ	t_0OrDTY	SC Heerenveen	Telstar	SC Heerenveen	Telstar	0.0	0.0		2026-10-02T15:39:10.923644+00:00	2	eredivisie			
m_2Qgnbq	l_4H43wr	2026/2027	2026-09-13	2026-09-13T14:45:00+00:00	finished	t_0IKBux	t_4KvHFN	PEC Zwolle	Feyenoord	PEC Zwolle	Feyenoord	0.0	7.0		2026-10-02T15:39:10.923644+00:00	2	eredivisie	fx:8b0e83c6055dd8a7dc51	eredivisie:zwolle	eredivisie:feyenoord
m_1opHiF	l_4H43wr	2026/2027	2026-09-13	2026-09-13T18:00:00+00:00	finished	t_1jOgDP	t_2SrGqX	PSV Eindhoven	Sparta Rotterdam	PSV Eindhoven	Sparta Rotterdam	4.0	1.0		2026-10-02T15:39:10.923644+00:00	2	eredivisie	fx:d026d457c49026d215fc	eredivisie:psv-eindhoven	eredivisie:sparta-rotterdam
m_4fvTcF	l_4H43wr	2026/2027	2026-09-15	2026-09-15T18:00:00+00:00	finished	t_3t08JG	t_0Y6Ely	Ajax	Willem II	Ajax	Willem II	5.0	1.0		2026-10-02T15:39:10.923644+00:00	2	eredivisie	fx:40ad13d0c834004ae313	eredivisie:ajax	eredivisie:willem-ii
m_4c40AM	l_4H43wr	2026/2027	2026-09-18	2026-09-18T18:00:00+00:00	finished	t_0XuoVw	t_0IKBux	FC Groningen	PEC Zwolle	FC Groningen	PEC Zwolle	3.0	0.0		2026-10-02T15:39:10.923644+00:00	2	eredivisie	fx:4b8aded8eca69148a7ae	eredivisie:groningen	eredivisie:zwolle
m_4NjRNo	l_4H43wr	2026/2027	2026-09-19	2026-09-19T14:30:00+00:00	finished	t_0aaGiw	t_0xzKwf	ADO Den Haag	Cambuur	ADO Den Haag	Cambuur	1.0	1.0		2026-10-02T15:39:10.923644+00:00	2	eredivisie			
m_1aY9ri	l_4H43wr	2026/2027	2026-09-19	2026-09-19T16:45:00+00:00	finished	t_2SrGqX	t_4OA2eZ	Sparta Rotterdam	SC Heerenveen	Sparta Rotterdam	SC Heerenveen	0.0	4.0		2026-10-02T15:39:10.923644+00:00	2	eredivisie			
m_0VNj3x	l_4H43wr	2026/2027	2026-09-19	2026-09-19T18:00:00+00:00	finished	t_3t08JG	t_0YKcf0	Ajax	Excelsior	Ajax	Excelsior	2.0	2.0		2026-10-02T15:39:10.923644+00:00	2	eredivisie	fx:eef5a082ba68b43aaf20	eredivisie:ajax	eredivisie:excelsior
m_0aio4X	l_4H43wr	2026/2027	2026-09-19	2026-09-19T19:00:00+00:00	finished	t_0Y6Ely	t_4CovDc	Willem II	Fortuna Sittard	Willem II	Fortuna Sittard	0.0	1.0		2026-10-02T15:39:10.923644+00:00	2	eredivisie	fx:d1aee9ce435afbfa3bed	eredivisie:willem-ii	eredivisie:for-sittard
m_14IuU9	l_4H43wr	2026/2027	2026-09-20	2026-09-20T10:15:00+00:00	finished	t_4KvHFN	t_0oYO4I	Feyenoord	FC Utrecht	Feyenoord	FC Utrecht	5.0	0.0		2026-10-02T15:39:10.923644+00:00	2	eredivisie	fx:dee9c4db745cc18ee6bd	eredivisie:feyenoord	eredivisie:utrecht
m_1YgNCt	l_4H43wr	2026/2027	2026-09-20	2026-09-20T12:30:00+00:00	finished	t_1cDwJb	t_0OrDTY	AZ Alkmaar	Telstar	AZ Alkmaar	Telstar	1.0	0.0		2026-10-02T15:39:10.923644+00:00	2	eredivisie	fx:356c4586cab7f02c2b3e	eredivisie:az-alkmaar	eredivisie:telstar
m_2xY5PC	l_4H43wr	2026/2027	2026-09-20	2026-09-20T12:30:00+00:00	finished	t_0Q0ym3	t_1jOgDP	FC Twente	PSV Eindhoven	FC Twente	PSV Eindhoven	3.0	2.0		2026-10-02T15:39:10.923644+00:00	2	eredivisie	fx:89025a802f0ab0e9c64b	eredivisie:twente	eredivisie:psv-eindhoven
m_1BMYlI	l_4H43wr	2026/2027	2026-09-20	2026-09-20T14:45:00+00:00	finished	t_20mGQ4	t_0maIeN	NEC Nijmegen	Go Ahead Eagles	NEC Nijmegen	Go Ahead Eagles	1.0	1.0		2026-10-02T15:39:10.923644+00:00	2	eredivisie	fx:5e55d3b71ed468b8efc3	eredivisie:nijmegen	eredivisie:go-ahead-eagles
m_0DqxPB	l_4H43wr	2026/2027	2026-10-09	2026-10-09T18:00:00+00:00	not_started	t_1jOgDP	t_4OA2eZ	PSV Eindhoven	SC Heerenveen	PSV Eindhoven	SC Heerenveen				2026-10-02T15:53:35.328712+00:00	2	eredivisie	eredivisie:espn:401875592	eredivisie:psv-eindhoven	eredivisie:heerenveen
m_0ejh9G	l_4H43wr	2026/2027	2026-10-10	2026-10-10T14:30:00+00:00	not_started	t_0maIeN	t_2SrGqX	Go Ahead Eagles	Sparta Rotterdam	Go Ahead Eagles	Sparta Rotterdam				2026-10-02T15:53:35.328712+00:00	2	eredivisie	eredivisie:espn:401875590	eredivisie:go-ahead-eagles	eredivisie:sparta-rotterdam
m_2J40MM	l_4H43wr	2026/2027	2026-10-10	2026-10-10T16:45:00+00:00	not_started	t_4KvHFN	t_1cDwJb	Feyenoord	AZ Alkmaar	Feyenoord	AZ Alkmaar				2026-10-02T15:53:35.328712+00:00	2	eredivisie	eredivisie:espn:401875591	eredivisie:feyenoord	eredivisie:az-alkmaar
m_2K8dBs	l_4H43wr	2026/2027	2026-10-10	2026-10-10T18:00:00+00:00	not_started	t_4CovDc	t_0Q0ym3	Fortuna Sittard	FC Twente	Fortuna Sittard	FC Twente				2026-10-02T15:53:35.328712+00:00	2	eredivisie	eredivisie:espn:401875588	eredivisie:for-sittard	eredivisie:twente
m_4ULqVQ	l_4H43wr	2026/2027	2026-10-10	2026-10-10T19:00:00+00:00	not_started	t_3t08JG	t_20mGQ4	Ajax	NEC Nijmegen	Ajax	NEC Nijmegen				2026-10-02T15:53:35.328712+00:00	2	eredivisie	eredivisie:espn:401875589	eredivisie:ajax	eredivisie:nijmegen
m_4J3Y5L	l_4H43wr	2026/2027	2026-10-11	2026-10-11T10:15:00+00:00	not_started	t_0oYO4I	t_0Y6Ely	FC Utrecht	Willem II	FC Utrecht	Willem II				2026-10-02T15:53:35.328712+00:00	2	eredivisie	eredivisie:espn:401875587	eredivisie:utrecht	eredivisie:willem-ii
m_0tiEtg	l_4H43wr	2026/2027	2026-10-11	2026-10-11T12:30:00+00:00	not_started	t_0IKBux	t_0xzKwf	PEC Zwolle	Cambuur	PEC Zwolle	Cambuur				2026-10-02T15:53:35.328712+00:00	2	eredivisie	eredivisie:espn:401875586	eredivisie:zwolle	eredivisie:cambuur
m_1c0DXP	l_4H43wr	2026/2027	2026-10-11	2026-10-11T12:30:00+00:00	not_started	t_0OrDTY	t_0aaGiw	Telstar	ADO Den Haag	Telstar	ADO Den Haag				2026-10-02T15:53:35.328712+00:00	2	eredivisie	eredivisie:espn:401875585	eredivisie:telstar	eredivisie:ado-den-haag
m_0Jmrvr	l_4H43wr	2026/2027	2026-10-11	2026-10-11T14:45:00+00:00	not_started	t_0YKcf0	t_0XuoVw	Excelsior	FC Groningen	Excelsior	FC Groningen				2026-10-02T15:53:35.328712+00:00	2	eredivisie	eredivisie:espn:401875584	eredivisie:excelsior	eredivisie:groningen
m_0s3mLK	l_4H43wr	2026/2027	2026-10-16	2026-10-16T18:00:00+00:00	not_started	t_4OA2eZ	t_0YKcf0	SC Heerenveen	Excelsior	SC Heerenveen	Excelsior				2026-10-02T15:53:35.328712+00:00	2	eredivisie	eredivisie:espn:401875583	eredivisie:heerenveen	eredivisie:excelsior
m_3DS6Ao	l_4H43wr	2026/2027	2026-10-17	2026-10-17T14:30:00+00:00	not_started	t_0aaGiw	t_1jOgDP	ADO Den Haag	PSV Eindhoven	ADO Den Haag	PSV Eindhoven				2026-10-02T15:53:35.328712+00:00	2	eredivisie	eredivisie:espn:401875582	eredivisie:ado-den-haag	eredivisie:psv-eindhoven
m_29jKgM	l_4H43wr	2026/2027	2026-10-17	2026-10-17T18:00:00+00:00	not_started	t_0OrDTY	t_4KvHFN	Telstar	Feyenoord	Telstar	Feyenoord				2026-10-02T15:53:35.328712+00:00	2	eredivisie	eredivisie:espn:401875580	eredivisie:telstar	eredivisie:feyenoord
m_20fmJz	l_4H43wr	2026/2027	2026-10-17	2026-10-17T19:00:00+00:00	not_started	t_2SrGqX	t_0Y6Ely	Sparta Rotterdam	Willem II	Sparta Rotterdam	Willem II				2026-10-02T15:53:35.328712+00:00	2	eredivisie	eredivisie:espn:401875579	eredivisie:sparta-rotterdam	eredivisie:willem-ii
m_1FvXkB	l_4H43wr	2026/2027	2026-10-18	2026-10-18T10:15:00+00:00	not_started	t_0IKBux	t_0maIeN	PEC Zwolle	Go Ahead Eagles	PEC Zwolle	Go Ahead Eagles				2026-10-02T15:53:35.328712+00:00	2	eredivisie	eredivisie:espn:401875578	eredivisie:zwolle	eredivisie:go-ahead-eagles
m_3dutsT	l_4H43wr	2026/2027	2026-10-18	2026-10-18T12:30:00+00:00	not_started	t_0xzKwf	t_1cDwJb	Cambuur	AZ Alkmaar	Cambuur	AZ Alkmaar				2026-10-02T15:53:35.328712+00:00	2	eredivisie	eredivisie:espn:401875576	eredivisie:cambuur	eredivisie:az-alkmaar
m_2016kM	l_4H43wr	2026/2027	2026-10-18	2026-10-18T14:45:00+00:00	not_started	t_0XuoVw	t_3t08JG	FC Groningen	Ajax	FC Groningen	Ajax				2026-10-02T15:53:35.328712+00:00	2	eredivisie	eredivisie:espn:401875575	eredivisie:groningen	eredivisie:ajax
m_1JkrI2	l_4H43wr	2026/2027	2026-10-18	2026-10-18T18:00:00+00:00	not_started	t_0Q0ym3	t_0oYO4I	FC Twente	FC Utrecht	FC Twente	FC Utrecht				2026-10-02T15:53:35.328712+00:00	2	eredivisie	eredivisie:espn:401875577	eredivisie:twente	eredivisie:utrecht
m_3glEnH	l_4H43wr	2026/2027	2026-10-18	2026-10-18T18:00:00+00:00	not_started	t_20mGQ4	t_4CovDc	NEC Nijmegen	Fortuna Sittard	NEC Nijmegen	Fortuna Sittard				2026-10-02T15:53:35.328712+00:00	2	eredivisie	eredivisie:espn:401875581	eredivisie:nijmegen	eredivisie:for-sittard
m_2nnFhb	l_4H43wr	2026/2027	2026-10-23	2026-10-23T18:00:00+00:00	not_started	t_0maIeN	t_0OrDTY	Go Ahead Eagles	Telstar	Go Ahead Eagles	Telstar				2026-10-02T15:53:35.328712+00:00	2	eredivisie	eredivisie:espn:401875574	eredivisie:go-ahead-eagles	eredivisie:telstar
m_0XPyrk	l_4H43wr	2026/2027	2026-10-24	2026-10-24T14:30:00+00:00	not_started	t_0oYO4I	t_0IKBux	FC Utrecht	PEC Zwolle	FC Utrecht	PEC Zwolle				2026-10-02T15:53:35.328712+00:00	2	eredivisie	eredivisie:espn:401875573	eredivisie:utrecht	eredivisie:zwolle
m_30MX3b	l_4H43wr	2026/2027	2026-10-24	2026-10-24T16:45:00+00:00	not_started	t_0Y6Ely	t_0xzKwf	Willem II	Cambuur	Willem II	Cambuur				2026-10-02T15:53:35.328712+00:00	2	eredivisie	eredivisie:espn:401875572	eredivisie:willem-ii	eredivisie:cambuur
m_337C0z	l_4H43wr	2026/2027	2026-10-24	2026-10-24T19:00:00+00:00	not_started	t_0aaGiw	t_4OA2eZ	ADO Den Haag	SC Heerenveen	ADO Den Haag	SC Heerenveen				2026-10-02T15:53:35.328712+00:00	2	eredivisie	eredivisie:espn:401875571	eredivisie:ado-den-haag	eredivisie:heerenveen
m_19Md0g	l_4H43wr	2026/2027	2026-10-25	2026-10-25T11:15:00+00:00	not_started	t_4CovDc	t_0YKcf0	Fortuna Sittard	Excelsior	Fortuna Sittard	Excelsior				2026-10-02T15:53:35.328712+00:00	2	eredivisie	eredivisie:espn:401875570	eredivisie:for-sittard	eredivisie:excelsior
m_24i8Xg	l_4H43wr	2026/2027	2026-10-25	2026-10-25T13:30:00+00:00	not_started	t_1jOgDP	t_4KvHFN	PSV Eindhoven	Feyenoord	PSV Eindhoven	Feyenoord				2026-10-02T15:53:35.328712+00:00	2	eredivisie	eredivisie:espn:401875568	eredivisie:psv-eindhoven	eredivisie:feyenoord
m_4dmjUp	l_4H43wr	2026/2027	2026-10-25	2026-10-25T13:30:00+00:00	not_started	t_20mGQ4	t_0XuoVw	NEC Nijmegen	FC Groningen	NEC Nijmegen	FC Groningen				2026-10-02T15:53:35.328712+00:00	2	eredivisie	eredivisie:espn:401875569	eredivisie:nijmegen	eredivisie:groningen
m_2nTrHG	l_4H43wr	2026/2027	2026-10-25	2026-10-25T15:45:00+00:00	not_started	t_2SrGqX	t_3t08JG	Sparta Rotterdam	Ajax	Sparta Rotterdam	Ajax				2026-10-02T15:53:35.328712+00:00	2	eredivisie	eredivisie:espn:401875567	eredivisie:sparta-rotterdam	eredivisie:ajax
m_4bz6zw	l_4H43wr	2026/2027	2026-10-25	2026-10-25T19:00:00+00:00	not_started	t_1cDwJb	t_0Q0ym3	AZ Alkmaar	FC Twente	AZ Alkmaar	FC Twente				2026-10-02T15:53:35.328712+00:00	2	eredivisie	eredivisie:espn:401875566	eredivisie:az-alkmaar	eredivisie:twente
m_2dR2ia	l_4H43wr	2026/2027	2026-10-31	2026-10-31T15:30:00+00:00	not_started	t_4KvHFN	t_4CovDc	Feyenoord	Fortuna Sittard	Feyenoord	Fortuna Sittard				2026-10-02T15:53:35.328712+00:00	2	eredivisie	eredivisie:espn:401875565	eredivisie:feyenoord	eredivisie:for-sittard
m_3ftnql	l_4H43wr	2026/2027	2026-10-31	2026-10-31T17:45:00+00:00	not_started	t_1jOgDP	t_0Y6Ely	PSV Eindhoven	Willem II	PSV Eindhoven	Willem II				2026-10-02T15:53:35.328712+00:00	2	eredivisie	eredivisie:espn:401875564	eredivisie:psv-eindhoven	eredivisie:willem-ii
m_4EY4Xg	l_4H43wr	2026/2027	2026-10-31	2026-10-31T17:45:00+00:00	not_started	t_4OA2eZ	t_20mGQ4	SC Heerenveen	NEC Nijmegen	SC Heerenveen	NEC Nijmegen				2026-10-02T15:53:35.328712+00:00	2	eredivisie	eredivisie:espn:401875563	eredivisie:heerenveen	eredivisie:nijmegen
m_041XzQ	l_4H43wr	2026/2027	2026-10-31	2026-10-31T20:00:00+00:00	not_started	t_0xzKwf	t_0maIeN	Cambuur	Go Ahead Eagles	Cambuur	Go Ahead Eagles				2026-10-02T15:53:35.328712+00:00	2	eredivisie	eredivisie:espn:401875561	eredivisie:cambuur	eredivisie:go-ahead-eagles
m_0nBUd0	l_4H43wr	2026/2027	2026-10-31	2026-10-31T20:00:00+00:00	not_started	t_3t08JG	t_1cDwJb	Ajax	AZ Alkmaar	Ajax	AZ Alkmaar				2026-10-02T15:53:35.328712+00:00	2	eredivisie	eredivisie:espn:401875562	eredivisie:ajax	eredivisie:az-alkmaar
m_3022Tt	l_4H43wr	2026/2027	2026-11-01	2026-11-01T11:15:00+00:00	not_started	t_0IKBux	t_0aaGiw	PEC Zwolle	ADO Den Haag	PEC Zwolle	ADO Den Haag				2026-10-02T15:53:35.328712+00:00	2	eredivisie	eredivisie:espn:401875560	eredivisie:zwolle	eredivisie:ado-den-haag
m_2NTHrt	l_4H43wr	2026/2027	2026-11-01	2026-11-01T13:30:00+00:00	not_started	t_0YKcf0	t_0Q0ym3	Excelsior	FC Twente	Excelsior	FC Twente				2026-10-02T15:53:35.328712+00:00	2	eredivisie	eredivisie:espn:401875559	eredivisie:excelsior	eredivisie:twente
m_4OH4hE	l_4H43wr	2026/2027	2026-11-01	2026-11-01T13:30:00+00:00	not_started	t_0OrDTY	t_0oYO4I	Telstar	FC Utrecht	Telstar	FC Utrecht				2026-10-02T15:53:35.328712+00:00	2	eredivisie	eredivisie:espn:401875558	eredivisie:telstar	eredivisie:utrecht
m_1DMpTu	l_4H43wr	2026/2027	2026-11-01	2026-11-01T15:45:00+00:00	not_started	t_0XuoVw	t_2SrGqX	FC Groningen	Sparta Rotterdam	FC Groningen	Sparta Rotterdam				2026-10-02T15:53:35.328712+00:00	2	eredivisie	eredivisie:espn:401875557	eredivisie:groningen	eredivisie:sparta-rotterdam
m_1qdH6l	l_4H43wr	2026/2027	2026-11-06	2026-11-06T19:00:00+00:00	not_started	t_0Y6Ely	t_0IKBux	Willem II	PEC Zwolle	Willem II	PEC Zwolle				2026-10-02T15:53:35.328712+00:00	2	eredivisie	eredivisie:espn:401875556	eredivisie:willem-ii	eredivisie:zwolle
m_0gM11h	l_4H43wr	2026/2027	2026-11-07	2026-11-07T15:30:00+00:00	not_started	t_4CovDc	t_0OrDTY	Fortuna Sittard	Telstar	Fortuna Sittard	Telstar				2026-10-02T15:53:35.328712+00:00	2	eredivisie	eredivisie:espn:401875555	eredivisie:for-sittard	eredivisie:telstar
m_3Emnav	l_4H43wr	2026/2027	2026-11-07	2026-11-07T17:45:00+00:00	not_started	t_0aaGiw	t_2SrGqX	ADO Den Haag	Sparta Rotterdam	ADO Den Haag	Sparta Rotterdam				2026-10-02T15:53:35.328712+00:00	2	eredivisie	eredivisie:espn:401875552	eredivisie:ado-den-haag	eredivisie:sparta-rotterdam
m_3sUZnn	l_4H43wr	2026/2027	2026-11-07	2026-11-07T20:00:00+00:00	not_started	t_0YKcf0	t_0maIeN	Excelsior	Go Ahead Eagles	Excelsior	Go Ahead Eagles				2026-10-02T15:53:35.328712+00:00	2	eredivisie	eredivisie:espn:401875554	eredivisie:excelsior	eredivisie:go-ahead-eagles
m_4Uu1Th	l_4H43wr	2026/2027	2026-11-08	2026-11-08T11:15:00+00:00	not_started	t_4OA2eZ	t_4KvHFN	SC Heerenveen	Feyenoord	SC Heerenveen	Feyenoord				2026-10-02T15:53:35.328712+00:00	2	eredivisie	eredivisie:espn:401875551	eredivisie:heerenveen	eredivisie:feyenoord
m_3BUB1s	l_4H43wr	2026/2027	2026-11-08	2026-11-08T13:30:00+00:00	not_started	t_0Q0ym3	t_3t08JG	FC Twente	Ajax	FC Twente	Ajax				2026-10-02T15:53:35.328712+00:00	2	eredivisie	eredivisie:espn:401875550	eredivisie:twente	eredivisie:ajax
m_49zUS6	l_4H43wr	2026/2027	2026-11-08	2026-11-08T15:45:00+00:00	not_started	t_1cDwJb	t_0XuoVw	AZ Alkmaar	FC Groningen	AZ Alkmaar	FC Groningen				2026-10-02T15:53:35.328712+00:00	2	eredivisie	eredivisie:espn:401875548	eredivisie:az-alkmaar	eredivisie:groningen
m_4cJyXq	l_4H43wr	2026/2027	2026-11-08	2026-11-08T15:45:00+00:00	not_started	t_0xzKwf	t_1jOgDP	Cambuur	PSV Eindhoven	Cambuur	PSV Eindhoven				2026-10-02T15:53:35.328712+00:00	2	eredivisie	eredivisie:espn:401875553	eredivisie:cambuur	eredivisie:psv-eindhoven
m_1coZrO	l_4H43wr	2026/2027	2026-11-08	2026-11-08T19:00:00+00:00	not_started	t_0oYO4I	t_20mGQ4	FC Utrecht	NEC Nijmegen	FC Utrecht	NEC Nijmegen				2026-10-02T15:53:35.328712+00:00	2	eredivisie	eredivisie:espn:401875549	eredivisie:utrecht	eredivisie:nijmegen
m_2iUNB9	l_4H43wr	2026/2027	2026-11-21	2026-11-21T15:30:00+00:00	not_started	t_20mGQ4	t_1jOgDP	NEC Nijmegen	PSV Eindhoven	NEC Nijmegen	PSV Eindhoven				2026-10-02T15:53:35.328712+00:00	2	eredivisie	eredivisie:espn:401875541	eredivisie:nijmegen	eredivisie:psv-eindhoven
m_0ixAhG	l_4H43wr	2026/2027	2026-11-21	2026-11-21T17:45:00+00:00	not_started	t_4KvHFN	t_0YKcf0	Feyenoord	Excelsior	Feyenoord	Excelsior				2026-10-02T15:53:35.328712+00:00	2	eredivisie	eredivisie:espn:401875543	eredivisie:feyenoord	eredivisie:excelsior
m_1AYLxx	l_4H43wr	2026/2027	2026-11-21	2026-11-21T17:45:00+00:00	not_started	t_0oYO4I	t_0xzKwf	FC Utrecht	Cambuur	FC Utrecht	Cambuur				2026-10-02T15:53:35.328712+00:00	2	eredivisie	eredivisie:espn:401875544	eredivisie:utrecht	eredivisie:cambuur
m_3DedXe	l_4H43wr	2026/2027	2026-11-21	2026-11-21T20:00:00+00:00	not_started	t_0OrDTY	t_0IKBux	Telstar	PEC Zwolle	Telstar	PEC Zwolle				2026-10-02T15:53:35.328712+00:00	2	eredivisie	eredivisie:espn:401875539	eredivisie:telstar	eredivisie:zwolle
m_42n8w2	l_4H43wr	2026/2027	2026-11-21	2026-11-21T20:00:00+00:00	not_started	t_0XuoVw	t_4OA2eZ	FC Groningen	SC Heerenveen	FC Groningen	SC Heerenveen				2026-10-02T15:53:35.328712+00:00	2	eredivisie	eredivisie:espn:401875546	eredivisie:groningen	eredivisie:heerenveen
m_26Cebe	l_4H43wr	2026/2027	2026-11-22	2026-11-22T11:15:00+00:00	not_started	t_0Q0ym3	t_0Y6Ely	FC Twente	Willem II	FC Twente	Willem II				2026-10-02T15:53:35.328712+00:00	2	eredivisie	eredivisie:espn:401875545	eredivisie:twente	eredivisie:willem-ii
m_0sPfsg	l_4H43wr	2026/2027	2026-11-22	2026-11-22T13:30:00+00:00	not_started	t_2SrGqX	t_1cDwJb	Sparta Rotterdam	AZ Alkmaar	Sparta Rotterdam	AZ Alkmaar				2026-10-02T15:53:35.328712+00:00	2	eredivisie	eredivisie:espn:401875540	eredivisie:sparta-rotterdam	eredivisie:az-alkmaar
m_2L6PuX	l_4H43wr	2026/2027	2026-11-22	2026-11-22T13:30:00+00:00	not_started	t_3t08JG	t_0aaGiw	Ajax	ADO Den Haag	Ajax	ADO Den Haag				2026-10-02T15:53:35.328712+00:00	2	eredivisie	eredivisie:espn:401875547	eredivisie:ajax	eredivisie:ado-den-haag
m_1Sosat	l_4H43wr	2026/2027	2026-11-22	2026-11-22T15:45:00+00:00	not_started	t_0maIeN	t_4CovDc	Go Ahead Eagles	Fortuna Sittard	Go Ahead Eagles	Fortuna Sittard				2026-10-02T15:53:35.328712+00:00	2	eredivisie	eredivisie:espn:401875542	eredivisie:go-ahead-eagles	eredivisie:for-sittard
m_0CVdnC	l_4H43wr	2026/2027	2026-11-27	2026-11-27T19:00:00+00:00	not_started	t_0XuoVw	t_0Y6Ely	FC Groningen	Willem II	FC Groningen	Willem II				2026-10-02T15:53:35.328712+00:00	2	eredivisie	eredivisie:espn:401875536	eredivisie:groningen	eredivisie:willem-ii
m_2QnDdy	l_4H43wr	2026/2027	2026-11-28	2026-11-28T15:30:00+00:00	not_started	t_0YKcf0	t_0OrDTY	Excelsior	Telstar	Excelsior	Telstar				2026-10-02T15:53:35.328712+00:00	2	eredivisie	eredivisie:espn:401875537	eredivisie:excelsior	eredivisie:telstar
m_0uMAMN	l_4H43wr	2026/2027	2026-11-28	2026-11-28T17:45:00+00:00	not_started	t_1jOgDP	t_0maIeN	PSV Eindhoven	Go Ahead Eagles	PSV Eindhoven	Go Ahead Eagles				2026-10-02T15:53:35.328712+00:00	2	eredivisie	eredivisie:espn:401875531	eredivisie:psv-eindhoven	eredivisie:go-ahead-eagles
m_1NQtBM	l_4H43wr	2026/2027	2026-11-28	2026-11-28T20:00:00+00:00	not_started	t_0xzKwf	t_2SrGqX	Cambuur	Sparta Rotterdam	Cambuur	Sparta Rotterdam				2026-10-02T15:53:35.328712+00:00	2	eredivisie	eredivisie:espn:401875530	eredivisie:cambuur	eredivisie:sparta-rotterdam
m_17Fghi	l_4H43wr	2026/2027	2026-11-29	2026-11-29T11:15:00+00:00	not_started	t_0aaGiw	t_0oYO4I	ADO Den Haag	FC Utrecht	ADO Den Haag	FC Utrecht				2026-10-02T15:53:35.328712+00:00	2	eredivisie	eredivisie:espn:401875538	eredivisie:ado-den-haag	eredivisie:utrecht
m_068FZj	l_4H43wr	2026/2027	2026-11-29	2026-11-29T13:30:00+00:00	not_started	t_4CovDc	t_4OA2eZ	Fortuna Sittard	SC Heerenveen	Fortuna Sittard	SC Heerenveen				2026-10-02T15:53:35.328712+00:00	2	eredivisie	eredivisie:espn:401875534	eredivisie:for-sittard	eredivisie:heerenveen
m_4D7uX9	l_4H43wr	2026/2027	2026-11-29	2026-11-29T13:30:00+00:00	not_started	t_4KvHFN	t_3t08JG	Feyenoord	Ajax	Feyenoord	Ajax				2026-10-02T15:53:35.328712+00:00	2	eredivisie	eredivisie:espn:401875535	eredivisie:feyenoord	eredivisie:ajax
m_1TX8SO	l_4H43wr	2026/2027	2026-11-29	2026-11-29T15:45:00+00:00	not_started	t_0IKBux	t_1cDwJb	PEC Zwolle	AZ Alkmaar	PEC Zwolle	AZ Alkmaar				2026-10-02T15:53:35.328712+00:00	2	eredivisie	eredivisie:espn:401875532	eredivisie:zwolle	eredivisie:az-alkmaar
m_1sCd34	l_4H43wr	2026/2027	2026-11-29	2026-11-29T19:00:00+00:00	not_started	t_20mGQ4	t_0Q0ym3	NEC Nijmegen	FC Twente	NEC Nijmegen	FC Twente				2026-10-02T15:53:35.328712+00:00	2	eredivisie	eredivisie:espn:401875533	eredivisie:nijmegen	eredivisie:twente
m_4bw1Zo	l_4H43wr	2026/2027	2026-12-04	2026-12-04T19:00:00+00:00	not_started	t_0OrDTY	t_0XuoVw	Telstar	FC Groningen	Telstar	FC Groningen				2026-10-02T15:53:35.328712+00:00	2	eredivisie			
m_4ePoOH	l_4H43wr	2026/2027	2026-12-05	2026-12-05T15:30:00+00:00	not_started	t_0Y6Ely	t_4KvHFN	Willem II	Feyenoord	Willem II	Feyenoord				2026-10-02T15:53:35.328712+00:00	2	eredivisie			
m_4GYonl	l_4H43wr	2026/2027	2026-12-05	2026-12-05T17:45:00+00:00	not_started	t_2SrGqX	t_20mGQ4	Sparta Rotterdam	NEC Nijmegen	Sparta Rotterdam	NEC Nijmegen				2026-10-02T15:53:35.328712+00:00	2	eredivisie			
m_1oJmMv	l_4H43wr	2026/2027	2026-12-05	2026-12-05T19:00:00+00:00	not_started	t_1cDwJb	t_1jOgDP	AZ Alkmaar	PSV Eindhoven	AZ Alkmaar	PSV Eindhoven				2026-10-02T15:53:35.328712+00:00	2	eredivisie			
m_3HP8Vz	l_4H43wr	2026/2027	2026-12-05	2026-12-05T20:00:00+00:00	not_started	t_4CovDc	t_0IKBux	Fortuna Sittard	PEC Zwolle	Fortuna Sittard	PEC Zwolle				2026-10-02T15:53:35.328712+00:00	2	eredivisie			
m_0PkbYM	l_4H43wr	2026/2027	2026-12-06	2026-12-06T11:15:00+00:00	not_started	t_4OA2eZ	t_0xzKwf	SC Heerenveen	Cambuur	SC Heerenveen	Cambuur				2026-10-02T15:53:35.328712+00:00	2	eredivisie			
m_0xx6US	l_4H43wr	2026/2027	2026-12-06	2026-12-06T13:30:00+00:00	not_started	t_0maIeN	t_0Q0ym3	Go Ahead Eagles	FC Twente	Go Ahead Eagles	FC Twente				2026-10-02T15:53:35.328712+00:00	2	eredivisie			
m_1mFoZk	l_4H43wr	2026/2027	2026-12-06	2026-12-06T13:30:00+00:00	not_started	t_3t08JG	t_0oYO4I	Ajax	FC Utrecht	Ajax	FC Utrecht				2026-10-02T15:53:35.328712+00:00	2	eredivisie			
m_4fc4dD	l_4H43wr	2026/2027	2026-12-06	2026-12-06T15:45:00+00:00	not_started	t_0aaGiw	t_0YKcf0	ADO Den Haag	Excelsior	ADO Den Haag	Excelsior				2026-10-02T15:53:35.328712+00:00	2	eredivisie			
m_2kgTAr	l_4H43wr	2026/2027	2026-12-12	2026-12-12T15:30:00+00:00	not_started	t_0oYO4I	t_4CovDc	FC Utrecht	Fortuna Sittard	FC Utrecht	Fortuna Sittard				2026-10-02T15:53:35.328712+00:00	2	eredivisie			
m_3TYMvY	l_4H43wr	2026/2027	2026-12-12	2026-12-12T17:45:00+00:00	not_started	t_4OA2eZ	t_0maIeN	SC Heerenveen	Go Ahead Eagles	SC Heerenveen	Go Ahead Eagles				2026-10-02T15:53:35.328712+00:00	2	eredivisie			
m_26fCsN	l_4H43wr	2026/2027	2026-12-12	2026-12-12T19:00:00+00:00	not_started	t_0Q0ym3	t_2SrGqX	FC Twente	Sparta Rotterdam	FC Twente	Sparta Rotterdam				2026-10-02T15:53:35.328712+00:00	2	eredivisie			
m_3dh8in	l_4H43wr	2026/2027	2026-12-12	2026-12-12T20:00:00+00:00	not_started	t_0IKBux	t_0YKcf0	PEC Zwolle	Excelsior	PEC Zwolle	Excelsior				2026-10-02T15:53:35.328712+00:00	2	eredivisie			
m_0qV6HT	l_4H43wr	2026/2027	2026-12-13	2026-12-13T11:15:00+00:00	not_started	t_1jOgDP	t_0OrDTY	PSV Eindhoven	Telstar	PSV Eindhoven	Telstar				2026-10-02T15:53:35.328712+00:00	2	eredivisie			
m_0Wu704	l_4H43wr	2026/2027	2026-12-13	2026-12-13T13:30:00+00:00	not_started	t_0Y6Ely	t_0aaGiw	Willem II	ADO Den Haag	Willem II	ADO Den Haag				2026-10-02T15:53:35.328712+00:00	2	eredivisie			
m_1t2mv0	l_4H43wr	2026/2027	2026-12-13	2026-12-13T13:30:00+00:00	not_started	t_0XuoVw	t_4KvHFN	FC Groningen	Feyenoord	FC Groningen	Feyenoord				2026-10-02T15:53:35.328712+00:00	2	eredivisie			
m_1IbtoV	l_4H43wr	2026/2027	2026-12-13	2026-12-13T15:45:00+00:00	not_started	t_1cDwJb	t_20mGQ4	AZ Alkmaar	NEC Nijmegen	AZ Alkmaar	NEC Nijmegen				2026-10-02T15:53:35.328712+00:00	2	eredivisie			
m_0PM2ER	l_4H43wr	2026/2027	2026-12-13	2026-12-13T19:00:00+00:00	not_started	t_3t08JG	t_0xzKwf	Ajax	Cambuur	Ajax	Cambuur				2026-10-02T15:53:35.328712+00:00	2	eredivisie			
m_2YXYKz	l_4H43wr	2026/2027	2026-12-18	2026-12-18T19:00:00+00:00	not_started	t_0OrDTY	t_0Y6Ely	Telstar	Willem II	Telstar	Willem II				2026-10-02T15:53:35.328712+00:00	2	eredivisie			
m_0E97Pe	l_4H43wr	2026/2027	2026-12-19	2026-12-19T15:30:00+00:00	not_started	t_0YKcf0	t_1cDwJb	Excelsior	AZ Alkmaar	Excelsior	AZ Alkmaar				2026-10-02T15:53:35.328712+00:00	2	eredivisie			
m_4EZ1OH	l_4H43wr	2026/2027	2026-12-19	2026-12-19T17:45:00+00:00	not_started	t_4CovDc	t_2SrGqX	Fortuna Sittard	Sparta Rotterdam	Fortuna Sittard	Sparta Rotterdam				2026-10-02T15:53:35.328712+00:00	2	eredivisie			
m_2u1yYO	l_4H43wr	2026/2027	2026-12-19	2026-12-19T20:00:00+00:00	not_started	t_0oYO4I	t_4OA2eZ	FC Utrecht	SC Heerenveen	FC Utrecht	SC Heerenveen				2026-10-02T15:53:35.328712+00:00	2	eredivisie			
m_4cEtwc	l_4H43wr	2026/2027	2026-12-20	2026-12-20T11:15:00+00:00	not_started	t_20mGQ4	t_0aaGiw	NEC Nijmegen	ADO Den Haag	NEC Nijmegen	ADO Den Haag				2026-10-02T15:53:35.328712+00:00	2	eredivisie			
m_0c4hgI	l_4H43wr	2026/2027	2026-12-20	2026-12-20T13:30:00+00:00	not_started	t_4KvHFN	t_0Q0ym3	Feyenoord	FC Twente	Feyenoord	FC Twente				2026-10-02T15:53:35.328712+00:00	2	eredivisie			
m_1fjxZw	l_4H43wr	2026/2027	2026-12-20	2026-12-20T13:30:00+00:00	not_started	t_0xzKwf	t_0XuoVw	Cambuur	FC Groningen	Cambuur	FC Groningen				2026-10-02T15:53:35.328712+00:00	2	eredivisie			
m_2xwpLs	l_4H43wr	2026/2027	2026-12-20	2026-12-20T15:45:00+00:00	not_started	t_0maIeN	t_3t08JG	Go Ahead Eagles	Ajax	Go Ahead Eagles	Ajax				2026-10-02T15:53:35.328712+00:00	2	eredivisie			
m_01li3J	l_4H43wr	2026/2027	2026-12-20	2026-12-20T19:00:00+00:00	not_started	t_1jOgDP	t_0IKBux	PSV Eindhoven	PEC Zwolle	PSV Eindhoven	PEC Zwolle				2026-10-02T15:53:35.328712+00:00	2	eredivisie			
m_3NOL1G	l_4H43wr	2026/2027	2027-01-08	2027-01-08T19:00:00+00:00	not_started	t_0Q0ym3	t_4CovDc	FC Twente	Fortuna Sittard	FC Twente	Fortuna Sittard				2026-10-02T15:53:35.328712+00:00	2	eredivisie			
m_1d3YOY	l_4H43wr	2026/2027	2027-01-09	2027-01-09T15:30:00+00:00	not_started	t_2SrGqX	t_0YKcf0	Sparta Rotterdam	Excelsior	Sparta Rotterdam	Excelsior				2026-10-02T15:53:35.328712+00:00	2	eredivisie			
m_2OKQyf	l_4H43wr	2026/2027	2027-01-09	2027-01-09T17:45:00+00:00	not_started	t_0IKBux	t_0oYO4I	PEC Zwolle	FC Utrecht	PEC Zwolle	FC Utrecht				2026-10-02T15:53:35.328712+00:00	2	eredivisie			
m_2EA7bH	l_4H43wr	2026/2027	2027-01-09	2027-01-09T19:00:00+00:00	not_started	t_0Y6Ely	t_3t08JG	Willem II	Ajax	Willem II	Ajax				2026-10-02T15:53:35.328712+00:00	2	eredivisie			
m_0QzhNQ	l_4H43wr	2026/2027	2027-01-09	2027-01-09T20:00:00+00:00	not_started	t_1cDwJb	t_4OA2eZ	AZ Alkmaar	SC Heerenveen	AZ Alkmaar	SC Heerenveen				2026-10-02T15:53:35.328712+00:00	2	eredivisie			
m_3BOT1a	l_4H43wr	2026/2027	2027-01-10	2027-01-10T11:15:00+00:00	not_started	t_20mGQ4	t_0xzKwf	NEC Nijmegen	Cambuur	NEC Nijmegen	Cambuur				2026-10-02T15:53:35.328712+00:00	2	eredivisie			
m_3Ume9I	l_4H43wr	2026/2027	2027-01-10	2027-01-10T13:30:00+00:00	not_started	t_0aaGiw	t_0OrDTY	ADO Den Haag	Telstar	ADO Den Haag	Telstar				2026-10-02T15:53:35.328712+00:00	2	eredivisie			
m_4G85l3	l_4H43wr	2026/2027	2027-01-10	2027-01-10T13:30:00+00:00	not_started	t_4KvHFN	t_1jOgDP	Feyenoord	PSV Eindhoven	Feyenoord	PSV Eindhoven				2026-10-02T15:53:35.328712+00:00	2	eredivisie			
m_4Q0FVs	l_4H43wr	2026/2027	2027-01-10	2027-01-10T15:45:00+00:00	not_started	t_0XuoVw	t_0maIeN	FC Groningen	Go Ahead Eagles	FC Groningen	Go Ahead Eagles				2026-10-02T15:53:35.328712+00:00	2	eredivisie			
m_47VYf7	l_4H43wr	2026/2027	2027-01-15	2027-01-15T19:00:00+00:00	not_started	t_4OA2eZ	t_2SrGqX	SC Heerenveen	Sparta Rotterdam	SC Heerenveen	Sparta Rotterdam				2026-10-02T15:53:35.328712+00:00	2	eredivisie			
m_29Ygsh	l_4H43wr	2026/2027	2027-01-16	2027-01-16T15:30:00+00:00	not_started	t_0OrDTY	t_20mGQ4	Telstar	NEC Nijmegen	Telstar	NEC Nijmegen				2026-10-02T15:53:35.328712+00:00	2	eredivisie			
m_4KCX46	l_4H43wr	2026/2027	2027-01-16	2027-01-16T17:45:00+00:00	not_started	t_0YKcf0	t_4KvHFN	Excelsior	Feyenoord	Excelsior	Feyenoord				2026-10-02T15:53:35.328712+00:00	2	eredivisie			
m_1YzWxE	l_4H43wr	2026/2027	2027-01-16	2027-01-16T19:00:00+00:00	not_started	t_0aaGiw	t_0IKBux	ADO Den Haag	PEC Zwolle	ADO Den Haag	PEC Zwolle				2026-10-02T15:53:35.328712+00:00	2	eredivisie			
m_1n5JIT	l_4H43wr	2026/2027	2027-01-16	2027-01-16T20:00:00+00:00	not_started	t_4CovDc	t_1jOgDP	Fortuna Sittard	PSV Eindhoven	Fortuna Sittard	PSV Eindhoven				2026-10-02T15:53:35.328712+00:00	2	eredivisie			
m_2JvPN2	l_4H43wr	2026/2027	2027-01-17	2027-01-17T11:15:00+00:00	not_started	t_0oYO4I	t_0Q0ym3	FC Utrecht	FC Twente	FC Utrecht	FC Twente				2026-10-02T15:53:35.328712+00:00	2	eredivisie			
m_0inX8s	l_4H43wr	2026/2027	2027-01-17	2027-01-17T13:30:00+00:00	not_started	t_3t08JG	t_0XuoVw	Ajax	FC Groningen	Ajax	FC Groningen				2026-10-02T15:53:35.328712+00:00	2	eredivisie			
m_2yRuWV	l_4H43wr	2026/2027	2027-01-17	2027-01-17T13:30:00+00:00	not_started	t_0maIeN	t_1cDwJb	Go Ahead Eagles	AZ Alkmaar	Go Ahead Eagles	AZ Alkmaar				2026-10-02T15:53:35.328712+00:00	2	eredivisie			
m_0Hm3mL	l_4H43wr	2026/2027	2027-01-17	2027-01-17T15:45:00+00:00	not_started	t_0xzKwf	t_0Y6Ely	Cambuur	Willem II	Cambuur	Willem II				2026-10-02T15:53:35.328712+00:00	2	eredivisie			
m_1y0lie	l_4H43wr	2026/2027	2027-01-22	2027-01-22T19:00:00+00:00	not_started	t_0YKcf0	t_4CovDc	Excelsior	Fortuna Sittard	Excelsior	Fortuna Sittard				2026-10-02T15:53:35.328712+00:00	2	eredivisie			
m_07vYTY	l_4H43wr	2026/2027	2027-01-23	2027-01-23T15:30:00+00:00	not_started	t_3t08JG	t_0OrDTY	Ajax	Telstar	Ajax	Telstar				2026-10-02T15:53:35.328712+00:00	2	eredivisie			
m_2S1I3X	l_4H43wr	2026/2027	2027-01-23	2027-01-23T17:45:00+00:00	not_started	t_4KvHFN	t_0IKBux	Feyenoord	PEC Zwolle	Feyenoord	PEC Zwolle				2026-10-02T15:53:35.328712+00:00	2	eredivisie			
m_1m6KuO	l_4H43wr	2026/2027	2027-01-23	2027-01-23T19:00:00+00:00	not_started	t_0Q0ym3	t_4OA2eZ	FC Twente	SC Heerenveen	FC Twente	SC Heerenveen				2026-10-02T15:53:35.328712+00:00	2	eredivisie			
m_1uO2bZ	l_4H43wr	2026/2027	2027-01-23	2027-01-23T20:00:00+00:00	not_started	t_1jOgDP	t_0aaGiw	PSV Eindhoven	ADO Den Haag	PSV Eindhoven	ADO Den Haag				2026-10-02T15:53:35.328712+00:00	2	eredivisie			
m_0fxGse	l_4H43wr	2026/2027	2027-01-24	2027-01-24T11:15:00+00:00	not_started	t_0maIeN	t_0xzKwf	Go Ahead Eagles	Cambuur	Go Ahead Eagles	Cambuur				2026-10-02T15:53:35.328712+00:00	2	eredivisie			
m_2vA3DH	l_4H43wr	2026/2027	2027-01-24	2027-01-24T13:30:00+00:00	not_started	t_2SrGqX	t_0XuoVw	Sparta Rotterdam	FC Groningen	Sparta Rotterdam	FC Groningen				2026-10-02T15:53:35.328712+00:00	2	eredivisie			
m_3P8fDE	l_4H43wr	2026/2027	2027-01-24	2027-01-24T13:30:00+00:00	not_started	t_20mGQ4	t_0Y6Ely	NEC Nijmegen	Willem II	NEC Nijmegen	Willem II				2026-10-02T15:53:35.328712+00:00	2	eredivisie			
m_0paYxT	l_4H43wr	2026/2027	2027-01-24	2027-01-24T15:45:00+00:00	not_started	t_1cDwJb	t_0oYO4I	AZ Alkmaar	FC Utrecht	AZ Alkmaar	FC Utrecht				2026-10-02T15:53:35.328712+00:00	2	eredivisie			
m_1sxUEe	l_4H43wr	2026/2027	2027-01-29	2027-01-29T19:00:00+00:00	not_started	t_0oYO4I	t_0YKcf0	FC Utrecht	Excelsior	FC Utrecht	Excelsior				2026-10-02T15:53:35.328712+00:00	2	eredivisie			
m_2eFGWA	l_4H43wr	2026/2027	2027-01-30	2027-01-30T15:30:00+00:00	not_started	t_2SrGqX	t_0OrDTY	Sparta Rotterdam	Telstar	Sparta Rotterdam	Telstar				2026-10-02T15:53:35.328712+00:00	2	eredivisie			
m_2W4EE3	l_4H43wr	2026/2027	2027-01-30	2027-01-30T17:45:00+00:00	not_started	t_0aaGiw	t_0maIeN	ADO Den Haag	Go Ahead Eagles	ADO Den Haag	Go Ahead Eagles				2026-10-02T15:53:35.328712+00:00	2	eredivisie			
m_38BrBA	l_4H43wr	2026/2027	2027-01-30	2027-01-30T19:00:00+00:00	not_started	t_0Y6Ely	t_1jOgDP	Willem II	PSV Eindhoven	Willem II	PSV Eindhoven				2026-10-02T15:53:35.328712+00:00	2	eredivisie			
m_1YqNJH	l_4H43wr	2026/2027	2027-01-30	2027-01-30T20:00:00+00:00	not_started	t_0IKBux	t_4CovDc	PEC Zwolle	Fortuna Sittard	PEC Zwolle	Fortuna Sittard				2026-10-02T15:53:35.328712+00:00	2	eredivisie			
m_3DQbNa	l_4H43wr	2026/2027	2027-01-31	2027-01-31T11:15:00+00:00	not_started	t_4OA2eZ	t_3t08JG	SC Heerenveen	Ajax	SC Heerenveen	Ajax				2026-10-02T15:53:35.328712+00:00	2	eredivisie			
m_1w149H	l_4H43wr	2026/2027	2027-01-31	2027-01-31T13:30:00+00:00	not_started	t_1cDwJb	t_4KvHFN	AZ Alkmaar	Feyenoord	AZ Alkmaar	Feyenoord				2026-10-02T15:53:35.328712+00:00	2	eredivisie			
m_3TcU56	l_4H43wr	2026/2027	2027-01-31	2027-01-31T13:30:00+00:00	not_started	t_0Q0ym3	t_0xzKwf	FC Twente	Cambuur	FC Twente	Cambuur				2026-10-02T15:53:35.328712+00:00	2	eredivisie			
m_0Ch3QU	l_4H43wr	2026/2027	2027-01-31	2027-01-31T15:45:00+00:00	not_started	t_0XuoVw	t_20mGQ4	FC Groningen	NEC Nijmegen	FC Groningen	NEC Nijmegen				2026-10-02T15:53:35.328712+00:00	2	eredivisie			
m_0LjGsi	l_4H43wr	2026/2027	2027-02-13	2027-02-13T19:00:00+00:00	not_started	t_0xzKwf	t_0oYO4I	Cambuur	FC Utrecht	Cambuur	FC Utrecht				2026-10-02T15:53:35.328712+00:00	2	eredivisie			
m_1FAHuD	l_4H43wr	2026/2027	2027-02-13	2027-02-13T19:00:00+00:00	not_started	t_0YKcf0	t_3t08JG	Excelsior	Ajax	Excelsior	Ajax				2026-10-02T15:53:35.328712+00:00	2	eredivisie			
m_2QiZSt	l_4H43wr	2026/2027	2027-02-13	2027-02-13T19:00:00+00:00	not_started	t_0XuoVw	t_1cDwJb	FC Groningen	AZ Alkmaar	FC Groningen	AZ Alkmaar				2026-10-02T15:53:35.328712+00:00	2	eredivisie			
m_2XIs9n	l_4H43wr	2026/2027	2027-02-13	2027-02-13T19:00:00+00:00	not_started	t_1jOgDP	t_0Q0ym3	PSV Eindhoven	FC Twente	PSV Eindhoven	FC Twente				2026-10-02T15:53:35.328712+00:00	2	eredivisie			
m_3XM1KC	l_4H43wr	2026/2027	2027-02-13	2027-02-13T19:00:00+00:00	not_started	t_0maIeN	t_0IKBux	Go Ahead Eagles	PEC Zwolle	Go Ahead Eagles	PEC Zwolle				2026-10-02T15:53:35.328712+00:00	2	eredivisie			
m_3ZMA0E	l_4H43wr	2026/2027	2027-02-13	2027-02-13T19:00:00+00:00	not_started	t_0OrDTY	t_4OA2eZ	Telstar	SC Heerenveen	Telstar	SC Heerenveen				2026-10-02T15:53:35.328712+00:00	2	eredivisie			
m_3wrMBV	l_4H43wr	2026/2027	2027-02-13	2027-02-13T19:00:00+00:00	not_started	t_4KvHFN	t_20mGQ4	Feyenoord	NEC Nijmegen	Feyenoord	NEC Nijmegen				2026-10-02T15:53:35.328712+00:00	2	eredivisie			
m_3zRNPg	l_4H43wr	2026/2027	2027-02-13	2027-02-13T19:00:00+00:00	not_started	t_4CovDc	t_0aaGiw	Fortuna Sittard	ADO Den Haag	Fortuna Sittard	ADO Den Haag				2026-10-02T15:53:35.328712+00:00	2	eredivisie			
m_4NDlMM	l_4H43wr	2026/2027	2027-02-13	2027-02-13T19:00:00+00:00	not_started	t_0Y6Ely	t_2SrGqX	Willem II	Sparta Rotterdam	Willem II	Sparta Rotterdam				2026-10-02T15:53:35.328712+00:00	2	eredivisie			
m_0I9R8m	l_4H43wr	2026/2027	2027-02-20	2027-02-20T19:00:00+00:00	not_started	t_1cDwJb	t_4CovDc	AZ Alkmaar	Fortuna Sittard	AZ Alkmaar	Fortuna Sittard				2026-10-02T15:53:35.328712+00:00	2	eredivisie			
m_0UQYqM	l_4H43wr	2026/2027	2027-02-20	2027-02-20T19:00:00+00:00	not_started	t_0IKBux	t_0XuoVw	PEC Zwolle	FC Groningen	PEC Zwolle	FC Groningen				2026-10-02T15:53:35.328712+00:00	2	eredivisie			
m_0iy40a	l_4H43wr	2026/2027	2027-02-20	2027-02-20T19:00:00+00:00	not_started	t_3t08JG	t_0maIeN	Ajax	Go Ahead Eagles	Ajax	Go Ahead Eagles				2026-10-02T15:53:35.328712+00:00	2	eredivisie			
m_1OY2E8	l_4H43wr	2026/2027	2027-02-20	2027-02-20T19:00:00+00:00	not_started	t_1jOgDP	t_0xzKwf	PSV Eindhoven	Cambuur	PSV Eindhoven	Cambuur				2026-10-02T15:53:35.328712+00:00	2	eredivisie			
m_2jBHMa	l_4H43wr	2026/2027	2027-02-20	2027-02-20T19:00:00+00:00	not_started	t_0Q0ym3	t_0YKcf0	FC Twente	Excelsior	FC Twente	Excelsior				2026-10-02T15:53:35.328712+00:00	2	eredivisie			
m_2wugkP	l_4H43wr	2026/2027	2027-02-20	2027-02-20T19:00:00+00:00	not_started	t_4OA2eZ	t_0Y6Ely	SC Heerenveen	Willem II	SC Heerenveen	Willem II				2026-10-02T15:53:35.328712+00:00	2	eredivisie			
m_3CbOoo	l_4H43wr	2026/2027	2027-02-20	2027-02-20T19:00:00+00:00	not_started	t_4KvHFN	t_0OrDTY	Feyenoord	Telstar	Feyenoord	Telstar				2026-10-02T15:53:35.328712+00:00	2	eredivisie			
m_3iDuOP	l_4H43wr	2026/2027	2027-02-20	2027-02-20T19:00:00+00:00	not_started	t_20mGQ4	t_2SrGqX	NEC Nijmegen	Sparta Rotterdam	NEC Nijmegen	Sparta Rotterdam				2026-10-02T15:53:35.328712+00:00	2	eredivisie			
m_4QAHFI	l_4H43wr	2026/2027	2027-02-20	2027-02-20T19:00:00+00:00	not_started	t_0oYO4I	t_0aaGiw	FC Utrecht	ADO Den Haag	FC Utrecht	ADO Den Haag				2026-10-02T15:53:35.328712+00:00	2	eredivisie			
m_0rtHGo	l_4H43wr	2026/2027	2027-02-27	2027-02-27T19:00:00+00:00	not_started	t_0YKcf0	t_4OA2eZ	Excelsior	SC Heerenveen	Excelsior	SC Heerenveen				2026-10-02T15:53:35.328712+00:00	2	eredivisie			
m_1G1FJb	l_4H43wr	2026/2027	2027-02-27	2027-02-27T19:00:00+00:00	not_started	t_0Y6Ely	t_0XuoVw	Willem II	FC Groningen	Willem II	FC Groningen				2026-10-02T15:53:35.328712+00:00	2	eredivisie			
m_1sRVmP	l_4H43wr	2026/2027	2027-02-27	2027-02-27T19:00:00+00:00	not_started	t_2SrGqX	t_1jOgDP	Sparta Rotterdam	PSV Eindhoven	Sparta Rotterdam	PSV Eindhoven				2026-10-02T15:53:35.328712+00:00	2	eredivisie			
m_1zZt5P	l_4H43wr	2026/2027	2027-02-27	2027-02-27T19:00:00+00:00	not_started	t_0aaGiw	t_0Q0ym3	ADO Den Haag	FC Twente	ADO Den Haag	FC Twente				2026-10-02T15:53:35.328712+00:00	2	eredivisie			
m_209plM	l_4H43wr	2026/2027	2027-02-27	2027-02-27T19:00:00+00:00	not_started	t_4CovDc	t_0oYO4I	Fortuna Sittard	FC Utrecht	Fortuna Sittard	FC Utrecht				2026-10-02T15:53:35.328712+00:00	2	eredivisie			
m_2mHCP5	l_4H43wr	2026/2027	2027-02-27	2027-02-27T19:00:00+00:00	not_started	t_3t08JG	t_4KvHFN	Ajax	Feyenoord	Ajax	Feyenoord				2026-10-02T15:53:35.328712+00:00	2	eredivisie			
m_3UDryj	l_4H43wr	2026/2027	2027-02-27	2027-02-27T19:00:00+00:00	not_started	t_0OrDTY	t_0maIeN	Telstar	Go Ahead Eagles	Telstar	Go Ahead Eagles				2026-10-02T15:53:35.328712+00:00	2	eredivisie			
m_3kHKk0	l_4H43wr	2026/2027	2027-02-27	2027-02-27T19:00:00+00:00	not_started	t_0xzKwf	t_0IKBux	Cambuur	PEC Zwolle	Cambuur	PEC Zwolle				2026-10-02T15:53:35.328712+00:00	2	eredivisie			
m_4GiWji	l_4H43wr	2026/2027	2027-02-27	2027-02-27T19:00:00+00:00	not_started	t_20mGQ4	t_1cDwJb	NEC Nijmegen	AZ Alkmaar	NEC Nijmegen	AZ Alkmaar				2026-10-02T15:53:35.328712+00:00	2	eredivisie			
m_0DQI54	l_4H43wr	2026/2027	2027-03-06	2027-03-06T19:00:00+00:00	not_started	t_0IKBux	t_0Y6Ely	PEC Zwolle	Willem II	PEC Zwolle	Willem II				2026-10-02T15:53:35.328712+00:00	2	eredivisie			
m_0GCjYQ	l_4H43wr	2026/2027	2027-03-06	2027-03-06T19:00:00+00:00	not_started	t_0aaGiw	t_3t08JG	ADO Den Haag	Ajax	ADO Den Haag	Ajax				2026-10-02T15:53:35.328712+00:00	2	eredivisie			
m_0JRBGT	l_4H43wr	2026/2027	2027-03-06	2027-03-06T19:00:00+00:00	not_started	t_0Q0ym3	t_1cDwJb	FC Twente	AZ Alkmaar	FC Twente	AZ Alkmaar				2026-10-02T15:53:35.328712+00:00	2	eredivisie			
m_1FF3Tw	l_4H43wr	2026/2027	2027-03-06	2027-03-06T19:00:00+00:00	not_started	t_4KvHFN	t_4OA2eZ	Feyenoord	SC Heerenveen	Feyenoord	SC Heerenveen				2026-10-02T15:53:35.328712+00:00	2	eredivisie			
m_1nngwx	l_4H43wr	2026/2027	2027-03-06	2027-03-06T19:00:00+00:00	not_started	t_4CovDc	t_20mGQ4	Fortuna Sittard	NEC Nijmegen	Fortuna Sittard	NEC Nijmegen				2026-10-02T15:53:35.328712+00:00	2	eredivisie			
m_2ZSVzc	l_4H43wr	2026/2027	2027-03-06	2027-03-06T19:00:00+00:00	not_started	t_2SrGqX	t_0xzKwf	Sparta Rotterdam	Cambuur	Sparta Rotterdam	Cambuur				2026-10-02T15:53:35.328712+00:00	2	eredivisie			
m_2gai45	l_4H43wr	2026/2027	2027-03-06	2027-03-06T19:00:00+00:00	not_started	t_1jOgDP	t_0oYO4I	PSV Eindhoven	FC Utrecht	PSV Eindhoven	FC Utrecht				2026-10-02T15:53:35.328712+00:00	2	eredivisie			
m_2lGyDu	l_4H43wr	2026/2027	2027-03-06	2027-03-06T19:00:00+00:00	not_started	t_0maIeN	t_0YKcf0	Go Ahead Eagles	Excelsior	Go Ahead Eagles	Excelsior				2026-10-02T15:53:35.328712+00:00	2	eredivisie			
m_4I2O4h	l_4H43wr	2026/2027	2027-03-06	2027-03-06T19:00:00+00:00	not_started	t_0XuoVw	t_0OrDTY	FC Groningen	Telstar	FC Groningen	Telstar				2026-10-02T15:53:35.328712+00:00	2	eredivisie			
m_1Bs0XU	l_4H43wr	2026/2027	2027-03-13	2027-03-13T19:00:00+00:00	not_started	t_3t08JG	t_0IKBux	Ajax	PEC Zwolle	Ajax	PEC Zwolle				2026-10-02T15:53:35.328712+00:00	2	eredivisie			
m_1s9e3m	l_4H43wr	2026/2027	2027-03-13	2027-03-13T19:00:00+00:00	not_started	t_1cDwJb	t_2SrGqX	AZ Alkmaar	Sparta Rotterdam	AZ Alkmaar	Sparta Rotterdam				2026-10-02T15:53:35.328712+00:00	2	eredivisie			
m_2PlNmq	l_4H43wr	2026/2027	2027-03-13	2027-03-13T19:00:00+00:00	not_started	t_0Y6Ely	t_0Q0ym3	Willem II	FC Twente	Willem II	FC Twente				2026-10-02T15:53:35.328712+00:00	2	eredivisie			
m_2QqxrY	l_4H43wr	2026/2027	2027-03-13	2027-03-13T19:00:00+00:00	not_started	t_0xzKwf	t_0aaGiw	Cambuur	ADO Den Haag	Cambuur	ADO Den Haag				2026-10-02T15:53:35.328712+00:00	2	eredivisie			
m_2vzJw0	l_4H43wr	2026/2027	2027-03-13	2027-03-13T19:00:00+00:00	not_started	t_0OrDTY	t_1jOgDP	Telstar	PSV Eindhoven	Telstar	PSV Eindhoven				2026-10-02T15:53:35.328712+00:00	2	eredivisie			
m_3I5wXd	l_4H43wr	2026/2027	2027-03-13	2027-03-13T19:00:00+00:00	not_started	t_4OA2eZ	t_4CovDc	SC Heerenveen	Fortuna Sittard	SC Heerenveen	Fortuna Sittard				2026-10-02T15:53:35.328712+00:00	2	eredivisie			
m_3OGoUk	l_4H43wr	2026/2027	2027-03-13	2027-03-13T19:00:00+00:00	not_started	t_0YKcf0	t_20mGQ4	Excelsior	NEC Nijmegen	Excelsior	NEC Nijmegen				2026-10-02T15:53:35.328712+00:00	2	eredivisie			
m_4DIOe9	l_4H43wr	2026/2027	2027-03-13	2027-03-13T19:00:00+00:00	not_started	t_0oYO4I	t_0XuoVw	FC Utrecht	FC Groningen	FC Utrecht	FC Groningen				2026-10-02T15:53:35.328712+00:00	2	eredivisie			
m_4SHKuX	l_4H43wr	2026/2027	2027-03-13	2027-03-13T19:00:00+00:00	not_started	t_0maIeN	t_4KvHFN	Go Ahead Eagles	Feyenoord	Go Ahead Eagles	Feyenoord				2026-10-02T15:53:35.328712+00:00	2	eredivisie			
m_03NOiM	l_4H43wr	2026/2027	2027-03-20	2027-03-20T19:00:00+00:00	not_started	t_0OrDTY	t_4CovDc	Telstar	Fortuna Sittard	Telstar	Fortuna Sittard				2026-10-02T15:53:35.328712+00:00	2	eredivisie			
m_0PD85v	l_4H43wr	2026/2027	2027-03-20	2027-03-20T19:00:00+00:00	not_started	t_0Q0ym3	t_0maIeN	FC Twente	Go Ahead Eagles	FC Twente	Go Ahead Eagles				2026-10-02T15:53:35.328712+00:00	2	eredivisie			
m_0VARaS	l_4H43wr	2026/2027	2027-03-20	2027-03-20T19:00:00+00:00	not_started	t_0XuoVw	t_1jOgDP	FC Groningen	PSV Eindhoven	FC Groningen	PSV Eindhoven				2026-10-02T15:53:35.328712+00:00	2	eredivisie			
m_0aGjFf	l_4H43wr	2026/2027	2027-03-20	2027-03-20T19:00:00+00:00	not_started	t_1cDwJb	t_0YKcf0	AZ Alkmaar	Excelsior	AZ Alkmaar	Excelsior				2026-10-02T15:53:35.328712+00:00	2	eredivisie			
m_0jAkbu	l_4H43wr	2026/2027	2027-03-20	2027-03-20T19:00:00+00:00	not_started	t_0IKBux	t_4OA2eZ	PEC Zwolle	SC Heerenveen	PEC Zwolle	SC Heerenveen				2026-10-02T15:53:35.328712+00:00	2	eredivisie			
m_1wOPCw	l_4H43wr	2026/2027	2027-03-20	2027-03-20T19:00:00+00:00	not_started	t_4KvHFN	t_0xzKwf	Feyenoord	Cambuur	Feyenoord	Cambuur				2026-10-02T15:53:35.328712+00:00	2	eredivisie			
m_20Kdai	l_4H43wr	2026/2027	2027-03-20	2027-03-20T19:00:00+00:00	not_started	t_0aaGiw	t_0Y6Ely	ADO Den Haag	Willem II	ADO Den Haag	Willem II				2026-10-02T15:53:35.328712+00:00	2	eredivisie			
m_3LlDXI	l_4H43wr	2026/2027	2027-03-20	2027-03-20T19:00:00+00:00	not_started	t_0oYO4I	t_2SrGqX	FC Utrecht	Sparta Rotterdam	FC Utrecht	Sparta Rotterdam				2026-10-02T15:53:35.328712+00:00	2	eredivisie			
m_4Qu5RT	l_4H43wr	2026/2027	2027-03-20	2027-03-20T19:00:00+00:00	not_started	t_20mGQ4	t_3t08JG	NEC Nijmegen	Ajax	NEC Nijmegen	Ajax				2026-10-02T15:53:35.328712+00:00	2	eredivisie			
m_0uRSm6	l_4H43wr	2026/2027	2027-04-03	2027-04-03T18:00:00+00:00	not_started	t_0Y6Ely	t_0oYO4I	Willem II	FC Utrecht	Willem II	FC Utrecht				2026-10-02T15:53:35.328712+00:00	2	eredivisie			
m_1QmEEH	l_4H43wr	2026/2027	2027-04-03	2027-04-03T18:00:00+00:00	not_started	t_0maIeN	t_20mGQ4	Go Ahead Eagles	NEC Nijmegen	Go Ahead Eagles	NEC Nijmegen				2026-10-02T15:53:35.328712+00:00	2	eredivisie			
m_1d9LNK	l_4H43wr	2026/2027	2027-04-03	2027-04-03T18:00:00+00:00	not_started	t_3t08JG	t_0Q0ym3	Ajax	FC Twente	Ajax	FC Twente				2026-10-02T15:53:35.328712+00:00	2	eredivisie			
m_1mZLwm	l_4H43wr	2026/2027	2027-04-03	2027-04-03T18:00:00+00:00	not_started	t_1jOgDP	t_1cDwJb	PSV Eindhoven	AZ Alkmaar	PSV Eindhoven	AZ Alkmaar				2026-10-02T15:53:35.328712+00:00	2	eredivisie			
m_1yfKbR	l_4H43wr	2026/2027	2027-04-03	2027-04-03T18:00:00+00:00	not_started	t_2SrGqX	t_0aaGiw	Sparta Rotterdam	ADO Den Haag	Sparta Rotterdam	ADO Den Haag				2026-10-02T15:53:35.328712+00:00	2	eredivisie			
m_2M7RIJ	l_4H43wr	2026/2027	2027-04-03	2027-04-03T18:00:00+00:00	not_started	t_4OA2eZ	t_0XuoVw	SC Heerenveen	FC Groningen	SC Heerenveen	FC Groningen				2026-10-02T15:53:35.328712+00:00	2	eredivisie			
m_3fE4X2	l_4H43wr	2026/2027	2027-04-03	2027-04-03T18:00:00+00:00	not_started	t_4CovDc	t_4KvHFN	Fortuna Sittard	Feyenoord	Fortuna Sittard	Feyenoord				2026-10-02T15:53:35.328712+00:00	2	eredivisie			
m_3ffmbR	l_4H43wr	2026/2027	2027-04-03	2027-04-03T18:00:00+00:00	not_started	t_0YKcf0	t_0IKBux	Excelsior	PEC Zwolle	Excelsior	PEC Zwolle				2026-10-02T15:53:35.328712+00:00	2	eredivisie			
m_3jyJIV	l_4H43wr	2026/2027	2027-04-03	2027-04-03T18:00:00+00:00	not_started	t_0xzKwf	t_0OrDTY	Cambuur	Telstar	Cambuur	Telstar				2026-10-02T15:53:35.328712+00:00	2	eredivisie			
m_1ccfKi	l_4H43wr	2026/2027	2027-04-10	2027-04-10T18:00:00+00:00	not_started	t_0OrDTY	t_0Q0ym3	Telstar	FC Twente	Telstar	FC Twente				2026-10-02T15:53:35.328712+00:00	2	eredivisie			
m_2Fnao3	l_4H43wr	2026/2027	2027-04-10	2027-04-10T18:00:00+00:00	not_started	t_20mGQ4	t_4OA2eZ	NEC Nijmegen	SC Heerenveen	NEC Nijmegen	SC Heerenveen				2026-10-02T15:53:35.328712+00:00	2	eredivisie			
m_2pC3N6	l_4H43wr	2026/2027	2027-04-10	2027-04-10T18:00:00+00:00	not_started	t_0IKBux	t_1jOgDP	PEC Zwolle	PSV Eindhoven	PEC Zwolle	PSV Eindhoven				2026-10-02T15:53:35.328712+00:00	2	eredivisie			
m_2zEeRt	l_4H43wr	2026/2027	2027-04-10	2027-04-10T18:00:00+00:00	not_started	t_0XuoVw	t_0YKcf0	FC Groningen	Excelsior	FC Groningen	Excelsior				2026-10-02T15:53:35.328712+00:00	2	eredivisie			
m_3Dfxlj	l_4H43wr	2026/2027	2027-04-10	2027-04-10T18:00:00+00:00	not_started	t_0xzKwf	t_4CovDc	Cambuur	Fortuna Sittard	Cambuur	Fortuna Sittard				2026-10-02T15:53:35.328712+00:00	2	eredivisie			
m_3MqGTi	l_4H43wr	2026/2027	2027-04-10	2027-04-10T18:00:00+00:00	not_started	t_0aaGiw	t_4KvHFN	ADO Den Haag	Feyenoord	ADO Den Haag	Feyenoord				2026-10-02T15:53:35.328712+00:00	2	eredivisie			
m_3bKjoH	l_4H43wr	2026/2027	2027-04-10	2027-04-10T18:00:00+00:00	not_started	t_0Y6Ely	t_1cDwJb	Willem II	AZ Alkmaar	Willem II	AZ Alkmaar				2026-10-02T15:53:35.328712+00:00	2	eredivisie			
m_3tHCW8	l_4H43wr	2026/2027	2027-04-10	2027-04-10T18:00:00+00:00	not_started	t_0oYO4I	t_3t08JG	FC Utrecht	Ajax	FC Utrecht	Ajax				2026-10-02T15:53:35.328712+00:00	2	eredivisie			
m_40CZMq	l_4H43wr	2026/2027	2027-04-10	2027-04-10T18:00:00+00:00	not_started	t_2SrGqX	t_0maIeN	Sparta Rotterdam	Go Ahead Eagles	Sparta Rotterdam	Go Ahead Eagles				2026-10-02T15:53:35.328712+00:00	2	eredivisie			
m_0cAet3	l_4H43wr	2026/2027	2027-04-24	2027-04-24T18:00:00+00:00	not_started	t_1cDwJb	t_0xzKwf	AZ Alkmaar	Cambuur	AZ Alkmaar	Cambuur				2026-10-02T15:53:35.328712+00:00	2	eredivisie			
m_0vrFfO	l_4H43wr	2026/2027	2027-04-24	2027-04-24T18:00:00+00:00	not_started	t_4CovDc	t_0XuoVw	Fortuna Sittard	FC Groningen	Fortuna Sittard	FC Groningen				2026-10-02T15:53:35.328712+00:00	2	eredivisie			
m_1b8o9E	l_4H43wr	2026/2027	2027-04-24	2027-04-24T18:00:00+00:00	not_started	t_0Q0ym3	t_20mGQ4	FC Twente	NEC Nijmegen	FC Twente	NEC Nijmegen				2026-10-02T15:53:35.328712+00:00	2	eredivisie			
m_24bHk5	l_4H43wr	2026/2027	2027-04-24	2027-04-24T18:00:00+00:00	not_started	t_0IKBux	t_0OrDTY	PEC Zwolle	Telstar	PEC Zwolle	Telstar				2026-10-02T15:53:35.328712+00:00	2	eredivisie			
m_2DTjqF	l_4H43wr	2026/2027	2027-04-24	2027-04-24T18:00:00+00:00	not_started	t_0maIeN	t_0oYO4I	Go Ahead Eagles	FC Utrecht	Go Ahead Eagles	FC Utrecht				2026-10-02T15:53:35.328712+00:00	2	eredivisie			
m_2vj8op	l_4H43wr	2026/2027	2027-04-24	2027-04-24T18:00:00+00:00	not_started	t_4KvHFN	t_2SrGqX	Feyenoord	Sparta Rotterdam	Feyenoord	Sparta Rotterdam				2026-10-02T15:53:35.328712+00:00	2	eredivisie			
m_386LWA	l_4H43wr	2026/2027	2027-04-24	2027-04-24T18:00:00+00:00	not_started	t_1jOgDP	t_3t08JG	PSV Eindhoven	Ajax	PSV Eindhoven	Ajax				2026-10-02T15:53:35.328712+00:00	2	eredivisie			
m_3TUEJM	l_4H43wr	2026/2027	2027-04-24	2027-04-24T18:00:00+00:00	not_started	t_4OA2eZ	t_0aaGiw	SC Heerenveen	ADO Den Haag	SC Heerenveen	ADO Den Haag				2026-10-02T15:53:35.328712+00:00	2	eredivisie			
m_3wpFgg	l_4H43wr	2026/2027	2027-04-24	2027-04-24T18:00:00+00:00	not_started	t_0YKcf0	t_0Y6Ely	Excelsior	Willem II	Excelsior	Willem II				2026-10-02T15:53:35.328712+00:00	2	eredivisie			
m_09AltY	l_4H43wr	2026/2027	2027-05-01	2027-05-01T18:00:00+00:00	not_started	t_0OrDTY	t_1cDwJb	Telstar	AZ Alkmaar	Telstar	AZ Alkmaar				2026-10-02T15:53:35.328712+00:00	2	eredivisie			
m_1dNOvF	l_4H43wr	2026/2027	2027-05-01	2027-05-01T18:00:00+00:00	not_started	t_0YKcf0	t_0xzKwf	Excelsior	Cambuur	Excelsior	Cambuur				2026-10-02T15:53:35.328712+00:00	2	eredivisie			
m_1unPP7	l_4H43wr	2026/2027	2027-05-01	2027-05-01T18:00:00+00:00	not_started	t_2SrGqX	t_0Q0ym3	Sparta Rotterdam	FC Twente	Sparta Rotterdam	FC Twente				2026-10-02T15:53:35.328712+00:00	2	eredivisie			
m_2iu1Wd	l_4H43wr	2026/2027	2027-05-01	2027-05-01T18:00:00+00:00	not_started	t_0XuoVw	t_0aaGiw	FC Groningen	ADO Den Haag	FC Groningen	ADO Den Haag				2026-10-02T15:53:35.328712+00:00	2	eredivisie			
m_2y86GH	l_4H43wr	2026/2027	2027-05-01	2027-05-01T18:00:00+00:00	not_started	t_4OA2eZ	t_0oYO4I	SC Heerenveen	FC Utrecht	SC Heerenveen	FC Utrecht				2026-10-02T15:53:35.328712+00:00	2	eredivisie			
m_3Z12sU	l_4H43wr	2026/2027	2027-05-01	2027-05-01T18:00:00+00:00	not_started	t_4KvHFN	t_0Y6Ely	Feyenoord	Willem II	Feyenoord	Willem II				2026-10-02T15:53:35.328712+00:00	2	eredivisie			
m_3n6P06	l_4H43wr	2026/2027	2027-05-01	2027-05-01T18:00:00+00:00	not_started	t_20mGQ4	t_0IKBux	NEC Nijmegen	PEC Zwolle	NEC Nijmegen	PEC Zwolle				2026-10-02T15:53:35.328712+00:00	2	eredivisie			
m_4AzOLg	l_4H43wr	2026/2027	2027-05-01	2027-05-01T18:00:00+00:00	not_started	t_3t08JG	t_4CovDc	Ajax	Fortuna Sittard	Ajax	Fortuna Sittard				2026-10-02T15:53:35.328712+00:00	2	eredivisie			
m_4e8wBt	l_4H43wr	2026/2027	2027-05-01	2027-05-01T18:00:00+00:00	not_started	t_0maIeN	t_1jOgDP	Go Ahead Eagles	PSV Eindhoven	Go Ahead Eagles	PSV Eindhoven				2026-10-02T15:53:35.328712+00:00	2	eredivisie			
m_11Emqb	l_4H43wr	2026/2027	2027-05-08	2027-05-08T18:00:00+00:00	not_started	t_0aaGiw	t_20mGQ4	ADO Den Haag	NEC Nijmegen	ADO Den Haag	NEC Nijmegen				2026-10-02T15:53:35.328712+00:00	2	eredivisie			
m_11yoKM	l_4H43wr	2026/2027	2027-05-08	2027-05-08T18:00:00+00:00	not_started	t_0IKBux	t_2SrGqX	PEC Zwolle	Sparta Rotterdam	PEC Zwolle	Sparta Rotterdam				2026-10-02T15:53:35.328712+00:00	2	eredivisie			
m_1QKZZN	l_4H43wr	2026/2027	2027-05-08	2027-05-08T18:00:00+00:00	not_started	t_1jOgDP	t_0YKcf0	PSV Eindhoven	Excelsior	PSV Eindhoven	Excelsior				2026-10-02T15:53:35.328712+00:00	2	eredivisie			
m_2J0ZCu	l_4H43wr	2026/2027	2027-05-08	2027-05-08T18:00:00+00:00	not_started	t_0xzKwf	t_4OA2eZ	Cambuur	SC Heerenveen	Cambuur	SC Heerenveen				2026-10-02T15:53:35.328712+00:00	2	eredivisie			
m_2TQrQK	l_4H43wr	2026/2027	2027-05-08	2027-05-08T18:00:00+00:00	not_started	t_1cDwJb	t_3t08JG	AZ Alkmaar	Ajax	AZ Alkmaar	Ajax				2026-10-02T15:53:35.328712+00:00	2	eredivisie			
m_3FhAP6	l_4H43wr	2026/2027	2027-05-08	2027-05-08T18:00:00+00:00	not_started	t_0oYO4I	t_4KvHFN	FC Utrecht	Feyenoord	FC Utrecht	Feyenoord				2026-10-02T15:53:35.328712+00:00	2	eredivisie			
m_3O9cO7	l_4H43wr	2026/2027	2027-05-08	2027-05-08T18:00:00+00:00	not_started	t_0Y6Ely	t_0OrDTY	Willem II	Telstar	Willem II	Telstar				2026-10-02T15:53:35.328712+00:00	2	eredivisie			
m_3u3VHp	l_4H43wr	2026/2027	2027-05-08	2027-05-08T18:00:00+00:00	not_started	t_4CovDc	t_0maIeN	Fortuna Sittard	Go Ahead Eagles	Fortuna Sittard	Go Ahead Eagles				2026-10-02T15:53:35.328712+00:00	2	eredivisie			
m_4TqHj6	l_4H43wr	2026/2027	2027-05-08	2027-05-08T18:00:00+00:00	not_started	t_0Q0ym3	t_0XuoVw	FC Twente	FC Groningen	FC Twente	FC Groningen				2026-10-02T15:53:35.328712+00:00	2	eredivisie			
m_06bAEs	l_4H43wr	2026/2027	2027-05-16	2027-05-16T12:30:00+00:00	not_started	t_4CovDc	t_0Y6Ely	Fortuna Sittard	Willem II	Fortuna Sittard	Willem II				2026-10-02T15:53:35.328712+00:00	2	eredivisie			
m_0oUkPB	l_4H43wr	2026/2027	2027-05-16	2027-05-16T12:30:00+00:00	not_started	t_0oYO4I	t_0OrDTY	FC Utrecht	Telstar	FC Utrecht	Telstar				2026-10-02T15:53:35.328712+00:00	2	eredivisie			
m_19D1Aa	l_4H43wr	2026/2027	2027-05-16	2027-05-16T12:30:00+00:00	not_started	t_3t08JG	t_2SrGqX	Ajax	Sparta Rotterdam	Ajax	Sparta Rotterdam				2026-10-02T15:53:35.328712+00:00	2	eredivisie			
m_3ZaJPw	l_4H43wr	2026/2027	2027-05-16	2027-05-16T12:30:00+00:00	not_started	t_0YKcf0	t_0aaGiw	Excelsior	ADO Den Haag	Excelsior	ADO Den Haag				2026-10-02T15:53:35.328712+00:00	2	eredivisie			
m_3nwlbS	l_4H43wr	2026/2027	2027-05-16	2027-05-16T12:30:00+00:00	not_started	t_1cDwJb	t_0IKBux	AZ Alkmaar	PEC Zwolle	AZ Alkmaar	PEC Zwolle				2026-10-02T15:53:35.328712+00:00	2	eredivisie			
m_4FKpEu	l_4H43wr	2026/2027	2027-05-16	2027-05-16T12:30:00+00:00	not_started	t_0XuoVw	t_0xzKwf	FC Groningen	Cambuur	FC Groningen	Cambuur				2026-10-02T15:53:35.328712+00:00	2	eredivisie			
m_4Ktlwp	l_4H43wr	2026/2027	2027-05-16	2027-05-16T12:30:00+00:00	not_started	t_0Q0ym3	t_4KvHFN	FC Twente	Feyenoord	FC Twente	Feyenoord				2026-10-02T15:53:35.328712+00:00	2	eredivisie			
m_4VVoQP	l_4H43wr	2026/2027	2027-05-16	2027-05-16T12:30:00+00:00	not_started	t_0maIeN	t_4OA2eZ	Go Ahead Eagles	SC Heerenveen	Go Ahead Eagles	SC Heerenveen				2026-10-02T15:53:35.328712+00:00	2	eredivisie			
m_4gQOlc	l_4H43wr	2026/2027	2027-05-16	2027-05-16T12:30:00+00:00	not_started	t_1jOgDP	t_20mGQ4	PSV Eindhoven	NEC Nijmegen	PSV Eindhoven	NEC Nijmegen				2026-10-02T15:53:35.328712+00:00	2	eredivisie			
m_03kAy0	l_4H43wr	2026/2027	2027-05-23	2027-05-23T12:30:00+00:00	not_started	t_0IKBux	t_0Q0ym3	PEC Zwolle	FC Twente	PEC Zwolle	FC Twente				2026-10-02T15:53:35.328712+00:00	2	eredivisie			
m_0pZzV3	l_4H43wr	2026/2027	2027-05-23	2027-05-23T12:30:00+00:00	not_started	t_0OrDTY	t_0YKcf0	Telstar	Excelsior	Telstar	Excelsior				2026-10-02T15:53:35.328712+00:00	2	eredivisie			
m_2Cjueg	l_4H43wr	2026/2027	2027-05-23	2027-05-23T12:30:00+00:00	not_started	t_4KvHFN	t_0XuoVw	Feyenoord	FC Groningen	Feyenoord	FC Groningen				2026-10-02T15:53:35.328712+00:00	2	eredivisie			
m_2WYgqR	l_4H43wr	2026/2027	2027-05-23	2027-05-23T12:30:00+00:00	not_started	t_0aaGiw	t_1cDwJb	ADO Den Haag	AZ Alkmaar	ADO Den Haag	AZ Alkmaar				2026-10-02T15:53:35.328712+00:00	2	eredivisie			
m_2pvvUl	l_4H43wr	2026/2027	2027-05-23	2027-05-23T12:30:00+00:00	not_started	t_0xzKwf	t_3t08JG	Cambuur	Ajax	Cambuur	Ajax				2026-10-02T15:53:35.328712+00:00	2	eredivisie			
m_32bw5V	l_4H43wr	2026/2027	2027-05-23	2027-05-23T12:30:00+00:00	not_started	t_4OA2eZ	t_1jOgDP	SC Heerenveen	PSV Eindhoven	SC Heerenveen	PSV Eindhoven				2026-10-02T15:53:35.328712+00:00	2	eredivisie			
m_38ndaa	l_4H43wr	2026/2027	2027-05-23	2027-05-23T12:30:00+00:00	not_started	t_20mGQ4	t_0oYO4I	NEC Nijmegen	FC Utrecht	NEC Nijmegen	FC Utrecht				2026-10-02T15:53:35.328712+00:00	2	eredivisie			
m_3zSWHu	l_4H43wr	2026/2027	2027-05-23	2027-05-23T12:30:00+00:00	not_started	t_0Y6Ely	t_0maIeN	Willem II	Go Ahead Eagles	Willem II	Go Ahead Eagles				2026-10-02T15:53:35.328712+00:00	2	eredivisie			
m_48AyaH	l_4H43wr	2026/2027	2027-05-23	2027-05-23T12:30:00+00:00	not_started	t_2SrGqX	t_4CovDc	Sparta Rotterdam	Fortuna Sittard	Sparta Rotterdam	Fortuna Sittard				2026-10-02T15:53:35.328712+00:00	2	eredivisie			
