fixture_id	provider_match_id	confidence	reason	provider	home_team_id	away_team_id	kickoff_utc	mapped_at
fx:cbd1fce95e8194a0815e	m_1QSdFb	1.0	normalized oriented team pair + kickoff tolerance	pitchapi	eredivisie:cambuur	eredivisie:excelsior	2026-08-07 18:00:00+00:00	2026-10-02T15:39:09.478545+00:00
fx:436ef5d4b1c78a10033e	m_0Z2FzI	1.0	normalized oriented team pair + kickoff tolerance	pitchapi	eredivisie:nijmegen	eredivisie:telstar	2026-08-08 14:30:00+00:00	2026-10-02T15:39:09.478545+00:00
fx:b9951b4eaa99d981b5cd	m_2XbLiH	1.0	normalized oriented team pair + kickoff tolerance	pitchapi	eredivisie:go-ahead-eagles	eredivisie:willem-ii	2026-08-08 16:45:00+00:00	2026-10-02T15:39:09.478545+00:00
fx:2353c19b9ed4dd733337	m_4T4uin	1.0	normalized oriented team pair + kickoff tolerance	pitchapi	eredivisie:psv-eindhoven	eredivisie:for-sittard	2026-08-08 18:00:00+00:00	2026-10-02T15:39:09.478545+00:00
fx:88ac38c8b7e5268d2e66	m_0vp0dc	1.0	normalized oriented team pair + kickoff tolerance	pitchapi	eredivisie:sparta-rotterdam	eredivisie:feyenoord	2026-08-09 10:15:00+00:00	2026-10-02T15:39:09.478545+00:00
fx:84d9146a8c91c434cf01	m_0EwP6G	1.0	normalized oriented team pair + kickoff tolerance	pitchapi	eredivisie:groningen	eredivisie:utrecht	2026-08-09 12:30:00+00:00	2026-10-02T15:39:09.478545+00:00
fx:b2d65a064653d71cd4d0	m_1HJcIJ	1.0	normalized oriented team pair + kickoff tolerance	pitchapi	eredivisie:zwolle	eredivisie:ajax	2026-08-09 12:30:00+00:00	2026-10-02T15:39:09.478545+00:00
fx:a7125aa9d7ef3520715e	m_0o3QVm	1.0	normalized oriented team pair + kickoff tolerance	pitchapi	eredivisie:telstar	eredivisie:sparta-rotterdam	2026-08-14 18:00:00+00:00	2026-10-02T15:39:09.478545+00:00
fx:72ab6119a975269d334b	m_3fLHWx	1.0	normalized oriented team pair + kickoff tolerance	pitchapi	eredivisie:willem-ii	eredivisie:nijmegen	2026-08-15 14:30:00+00:00	2026-10-02T15:39:09.478545+00:00
fx:020db09e6ecf1c96813a	m_2epM6B	1.0	normalized oriented team pair + kickoff tolerance	pitchapi	eredivisie:utrecht	eredivisie:az-alkmaar	2026-08-15 16:45:00+00:00	2026-10-02T15:39:09.478545+00:00
fx:248afc010b5e33270f8c	m_17zQvi	1.0	normalized oriented team pair + kickoff tolerance	pitchapi	eredivisie:excelsior	eredivisie:psv-eindhoven	2026-08-15 18:00:00+00:00	2026-10-02T15:39:09.478545+00:00
fx:56e7dd6e0aa1af9021f4	m_4axHKC	1.0	normalized oriented team pair + kickoff tolerance	pitchapi	eredivisie:for-sittard	eredivisie:cambuur	2026-08-15 19:00:00+00:00	2026-10-02T15:39:09.478545+00:00
fx:e2cd439c1d5116486502	m_0ULQyD	1.0	normalized oriented team pair + kickoff tolerance	pitchapi	eredivisie:feyenoord	eredivisie:go-ahead-eagles	2026-08-16 12:30:00+00:00	2026-10-02T15:39:09.478545+00:00
fx:f52df4e48fcc9509ca21	m_1D2Qjl	1.0	normalized oriented team pair + kickoff tolerance	pitchapi	eredivisie:twente	eredivisie:zwolle	2026-08-16 12:30:00+00:00	2026-10-02T15:39:09.478545+00:00
fx:d0c08051c5134e7a5b15	m_2LqjEE	1.0	normalized oriented team pair + kickoff tolerance	pitchapi	eredivisie:for-sittard	eredivisie:az-alkmaar	2026-08-22 14:30:00+00:00	2026-10-02T15:39:09.478545+00:00
fx:ed8d0cf13c8d9e6927fc	m_37l7ol	1.0	normalized oriented team pair + kickoff tolerance	pitchapi	eredivisie:sparta-rotterdam	eredivisie:utrecht	2026-08-22 16:45:00+00:00	2026-10-02T15:39:09.478545+00:00
fx:33b855228435f9fbf7b6	m_48IBSb	1.0	normalized oriented team pair + kickoff tolerance	pitchapi	eredivisie:psv-eindhoven	eredivisie:groningen	2026-08-23 12:30:00+00:00	2026-10-02T15:39:09.478545+00:00
fx:75be0f62ed221ac5e2ec	m_1fb2Bg	1.0	normalized oriented team pair + kickoff tolerance	pitchapi	eredivisie:cambuur	eredivisie:feyenoord	2026-08-23 14:45:00+00:00	2026-10-02T15:39:09.478545+00:00
fx:f89beb9123b860aec994	m_4f8MLp	1.0	normalized oriented team pair + kickoff tolerance	pitchapi	eredivisie:groningen	eredivisie:for-sittard	2026-08-28 18:00:00+00:00	2026-10-02T15:39:09.478545+00:00
fx:8d8da07358f575c3ad9d	m_2WMYye	1.0	normalized oriented team pair + kickoff tolerance	pitchapi	eredivisie:excelsior	eredivisie:sparta-rotterdam	2026-08-29 14:30:00+00:00	2026-10-02T15:39:09.478545+00:00
fx:1e7ec665a8e2cb370912	m_0sEAAe	1.0	normalized oriented team pair + kickoff tolerance	pitchapi	eredivisie:az-alkmaar	eredivisie:go-ahead-eagles	2026-08-29 16:45:00+00:00	2026-10-02T15:39:09.478545+00:00
fx:6e8ead1ab2da0a2ed681	m_2Jh5ZH	1.0	normalized oriented team pair + kickoff tolerance	pitchapi	eredivisie:zwolle	eredivisie:nijmegen	2026-08-29 19:00:00+00:00	2026-10-02T15:39:09.478545+00:00
fx:e35aa5b4791f503ec4ff	m_4VkOJv	1.0	normalized oriented team pair + kickoff tolerance	pitchapi	eredivisie:utrecht	eredivisie:psv-eindhoven	2026-08-30 10:15:00+00:00	2026-10-02T15:39:09.478545+00:00
fx:cfc6e1080330c05c267b	m_042XWP	1.0	normalized oriented team pair + kickoff tolerance	pitchapi	eredivisie:telstar	eredivisie:ajax	2026-08-30 14:45:00+00:00	2026-10-02T15:39:09.478545+00:00
fx:86321e5678af079c8563	m_0dqkUT	1.0	normalized oriented team pair + kickoff tolerance	pitchapi	eredivisie:cambuur	eredivisie:twente	2026-08-30 18:00:00+00:00	2026-10-02T15:39:09.478545+00:00
fx:b9bfe86fffdcaa40f831	m_0zrAhW	1.0	normalized oriented team pair + kickoff tolerance	pitchapi	eredivisie:sparta-rotterdam	eredivisie:zwolle	2026-09-04 18:00:00+00:00	2026-10-02T15:39:09.478545+00:00
fx:9d27cc95f226d896b18e	m_1x3k2E	1.0	normalized oriented team pair + kickoff tolerance	pitchapi	eredivisie:nijmegen	eredivisie:feyenoord	2026-09-05 14:30:00+00:00	2026-10-02T15:39:09.478545+00:00
fx:77ffd72f2392373bba3d	m_1KnMIv	1.0	normalized oriented team pair + kickoff tolerance	pitchapi	eredivisie:ajax	eredivisie:psv-eindhoven	2026-09-05 18:00:00+00:00	2026-10-02T15:39:09.478545+00:00
fx:27669eca255915af2824	m_2uHmZR	1.0	normalized oriented team pair + kickoff tolerance	pitchapi	eredivisie:willem-ii	eredivisie:excelsior	2026-09-05 19:00:00+00:00	2026-10-02T15:39:09.478545+00:00
fx:938798fe0025589f94f2	m_0OPPDH	1.0	normalized oriented team pair + kickoff tolerance	pitchapi	eredivisie:groningen	eredivisie:twente	2026-09-06 10:15:00+00:00	2026-10-02T15:39:09.478545+00:00
fx:d40a76203f482e37ffec	m_3wiIyc	1.0	normalized oriented team pair + kickoff tolerance	pitchapi	eredivisie:telstar	eredivisie:cambuur	2026-09-06 12:30:00+00:00	2026-10-02T15:39:09.478545+00:00
fx:c0c827beb589bf4dd658	m_0NEe3q	1.0	normalized oriented team pair + kickoff tolerance	pitchapi	eredivisie:utrecht	eredivisie:go-ahead-eagles	2026-09-08 12:00:00+00:00	2026-10-02T15:39:09.478545+00:00
fx:4f5c5758a9f36de2be54	m_28pDkp	1.0	normalized oriented team pair + kickoff tolerance	pitchapi	eredivisie:nijmegen	eredivisie:excelsior	2026-09-08 16:45:00+00:00	2026-10-02T15:39:09.478545+00:00
fx:53c16f14d5b71504d593	m_3KEhs4	1.0	normalized oriented team pair + kickoff tolerance	pitchapi	eredivisie:twente	eredivisie:telstar	2026-09-09 16:45:00+00:00	2026-10-02T15:39:09.478545+00:00
fx:774b5d70d47dea72d345	m_1qABan	1.0	normalized oriented team pair + kickoff tolerance	pitchapi	eredivisie:az-alkmaar	eredivisie:willem-ii	2026-09-11 18:00:00+00:00	2026-10-02T15:39:09.478545+00:00
fx:b39a27bc3d117dccc37d	m_49ODwd	1.0	normalized oriented team pair + kickoff tolerance	pitchapi	eredivisie:go-ahead-eagles	eredivisie:groningen	2026-09-12 16:45:00+00:00	2026-10-02T15:39:09.478545+00:00
fx:d62bfe6eb1d133bedb7f	m_3j7ON5	1.0	normalized oriented team pair + kickoff tolerance	pitchapi	eredivisie:for-sittard	eredivisie:ajax	2026-09-12 18:00:00+00:00	2026-10-02T15:39:09.478545+00:00
fx:dc15671e5ce23b8f0179	m_1uxjEF	1.0	normalized oriented team pair + kickoff tolerance	pitchapi	eredivisie:cambuur	eredivisie:nijmegen	2026-09-12 19:00:00+00:00	2026-10-02T15:39:09.478545+00:00
fx:f6f4d0d56f7639dfc1e3	m_4Ee4Y1	1.0	normalized oriented team pair + kickoff tolerance	pitchapi	eredivisie:excelsior	eredivisie:utrecht	2026-09-13 10:15:00+00:00	2026-10-02T15:39:09.478545+00:00
fx:8b0e83c6055dd8a7dc51	m_2Qgnbq	1.0	normalized oriented team pair + kickoff tolerance	pitchapi	eredivisie:zwolle	eredivisie:feyenoord	2026-09-13 14:45:00+00:00	2026-10-02T15:39:09.478545+00:00
fx:d026d457c49026d215fc	m_1opHiF	1.0	normalized oriented team pair + kickoff tolerance	pitchapi	eredivisie:psv-eindhoven	eredivisie:sparta-rotterdam	2026-09-13 18:00:00+00:00	2026-10-02T15:39:09.478545+00:00
fx:40ad13d0c834004ae313	m_4fvTcF	1.0	normalized oriented team pair + kickoff tolerance	pitchapi	eredivisie:ajax	eredivisie:willem-ii	2026-09-15 18:00:00+00:00	2026-10-02T15:39:09.478545+00:00
fx:4b8aded8eca69148a7ae	m_4c40AM	1.0	normalized oriented team pair + kickoff tolerance	pitchapi	eredivisie:groningen	eredivisie:zwolle	2026-09-18 18:00:00+00:00	2026-10-02T15:39:09.478545+00:00
fx:eef5a082ba68b43aaf20	m_0VNj3x	1.0	normalized oriented team pair + kickoff tolerance	pitchapi	eredivisie:ajax	eredivisie:excelsior	2026-09-19 18:00:00+00:00	2026-10-02T15:39:09.478545+00:00
fx:d1aee9ce435afbfa3bed	m_0aio4X	1.0	normalized oriented team pair + kickoff tolerance	pitchapi	eredivisie:willem-ii	eredivisie:for-sittard	2026-09-19 19:00:00+00:00	2026-10-02T15:39:09.478545+00:00
fx:dee9c4db745cc18ee6bd	m_14IuU9	1.0	normalized oriented team pair + kickoff tolerance	pitchapi	eredivisie:feyenoord	eredivisie:utrecht	2026-09-20 10:15:00+00:00	2026-10-02T15:39:09.478545+00:00
fx:89025a802f0ab0e9c64b	m_2xY5PC	1.0	normalized oriented team pair + kickoff tolerance	pitchapi	eredivisie:twente	eredivisie:psv-eindhoven	2026-09-20 12:30:00+00:00	2026-10-02T15:39:09.478545+00:00
fx:356c4586cab7f02c2b3e	m_1YgNCt	1.0	normalized oriented team pair + kickoff tolerance	pitchapi	eredivisie:az-alkmaar	eredivisie:telstar	2026-09-20 12:30:00+00:00	2026-10-02T15:39:09.478545+00:00
fx:5e55d3b71ed468b8efc3	m_1BMYlI	1.0	normalized oriented team pair + kickoff tolerance	pitchapi	eredivisie:nijmegen	eredivisie:go-ahead-eagles	2026-09-20 14:45:00+00:00	2026-10-02T15:39:09.478545+00:00
eredivisie:espn:401875592	m_0DqxPB	1.0	normalized oriented team pair + kickoff tolerance	pitchapi	eredivisie:psv-eindhoven	eredivisie:heerenveen	2026-10-09 18:00:00+00:00	2026-10-02T15:53:34.061597+00:00
eredivisie:espn:401875590	m_0ejh9G	1.0	normalized oriented team pair + kickoff tolerance	pitchapi	eredivisie:go-ahead-eagles	eredivisie:sparta-rotterdam	2026-10-10 14:30:00+00:00	2026-10-02T15:53:34.061597+00:00
eredivisie:espn:401875591	m_2J40MM	1.0	normalized oriented team pair + kickoff tolerance	pitchapi	eredivisie:feyenoord	eredivisie:az-alkmaar	2026-10-10 16:45:00+00:00	2026-10-02T15:53:34.061597+00:00
eredivisie:espn:401875588	m_2K8dBs	1.0	normalized oriented team pair + kickoff tolerance	pitchapi	eredivisie:for-sittard	eredivisie:twente	2026-10-10 18:00:00+00:00	2026-10-02T15:53:34.061597+00:00
eredivisie:espn:401875589	m_4ULqVQ	1.0	normalized oriented team pair + kickoff tolerance	pitchapi	eredivisie:ajax	eredivisie:nijmegen	2026-10-10 19:00:00+00:00	2026-10-02T15:53:34.061597+00:00
eredivisie:espn:401875587	m_4J3Y5L	1.0	normalized oriented team pair + kickoff tolerance	pitchapi	eredivisie:utrecht	eredivisie:willem-ii	2026-10-11 10:15:00+00:00	2026-10-02T15:53:34.061597+00:00
eredivisie:espn:401875585	m_1c0DXP	1.0	normalized oriented team pair + kickoff tolerance	pitchapi	eredivisie:telstar	eredivisie:ado-den-haag	2026-10-11 12:30:00+00:00	2026-10-02T15:53:34.061597+00:00
eredivisie:espn:401875586	m_0tiEtg	1.0	normalized oriented team pair + kickoff tolerance	pitchapi	eredivisie:zwolle	eredivisie:cambuur	2026-10-11 12:30:00+00:00	2026-10-02T15:53:34.061597+00:00
eredivisie:espn:401875584	m_0Jmrvr	1.0	normalized oriented team pair + kickoff tolerance	pitchapi	eredivisie:excelsior	eredivisie:groningen	2026-10-11 14:45:00+00:00	2026-10-02T15:53:34.061597+00:00
eredivisie:espn:401875583	m_0s3mLK	1.0	normalized oriented team pair + kickoff tolerance	pitchapi	eredivisie:heerenveen	eredivisie:excelsior	2026-10-16 18:00:00+00:00	2026-10-02T15:53:34.061597+00:00
eredivisie:espn:401875582	m_3DS6Ao	1.0	normalized oriented team pair + kickoff tolerance	pitchapi	eredivisie:ado-den-haag	eredivisie:psv-eindhoven	2026-10-17 14:30:00+00:00	2026-10-02T15:53:34.061597+00:00
eredivisie:espn:401875580	m_29jKgM	1.0	normalized oriented team pair + kickoff tolerance	pitchapi	eredivisie:telstar	eredivisie:feyenoord	2026-10-17 18:00:00+00:00	2026-10-02T15:53:34.061597+00:00
eredivisie:espn:401875579	m_20fmJz	1.0	normalized oriented team pair + kickoff tolerance	pitchapi	eredivisie:sparta-rotterdam	eredivisie:willem-ii	2026-10-17 19:00:00+00:00	2026-10-02T15:53:34.061597+00:00
eredivisie:espn:401875578	m_1FvXkB	1.0	normalized oriented team pair + kickoff tolerance	pitchapi	eredivisie:zwolle	eredivisie:go-ahead-eagles	2026-10-18 10:15:00+00:00	2026-10-02T15:53:34.061597+00:00
eredivisie:espn:401875576	m_3dutsT	1.0	normalized oriented team pair + kickoff tolerance	pitchapi	eredivisie:cambuur	eredivisie:az-alkmaar	2026-10-18 12:30:00+00:00	2026-10-02T15:53:34.061597+00:00
eredivisie:espn:401875575	m_2016kM	1.0	normalized oriented team pair + kickoff tolerance	pitchapi	eredivisie:groningen	eredivisie:ajax	2026-10-18 14:45:00+00:00	2026-10-02T15:53:34.061597+00:00
eredivisie:espn:401875577	m_1JkrI2	1.0	normalized oriented team pair + kickoff tolerance	pitchapi	eredivisie:twente	eredivisie:utrecht	2026-10-18 18:00:00+00:00	2026-10-02T15:53:34.061597+00:00
eredivisie:espn:401875581	m_3glEnH	1.0	normalized oriented team pair + kickoff tolerance	pitchapi	eredivisie:nijmegen	eredivisie:for-sittard	2026-10-18 18:00:00+00:00	2026-10-02T15:53:34.061597+00:00
eredivisie:espn:401875574	m_2nnFhb	1.0	normalized oriented team pair + kickoff tolerance	pitchapi	eredivisie:go-ahead-eagles	eredivisie:telstar	2026-10-23 18:00:00+00:00	2026-10-02T15:53:34.061597+00:00
eredivisie:espn:401875573	m_0XPyrk	1.0	normalized oriented team pair + kickoff tolerance	pitchapi	eredivisie:utrecht	eredivisie:zwolle	2026-10-24 14:30:00+00:00	2026-10-02T15:53:34.061597+00:00
eredivisie:espn:401875572	m_30MX3b	1.0	normalized oriented team pair + kickoff tolerance	pitchapi	eredivisie:willem-ii	eredivisie:cambuur	2026-10-24 16:45:00+00:00	2026-10-02T15:53:34.061597+00:00
eredivisie:espn:401875571	m_337C0z	1.0	normalized oriented team pair + kickoff tolerance	pitchapi	eredivisie:ado-den-haag	eredivisie:heerenveen	2026-10-24 19:00:00+00:00	2026-10-02T15:53:34.061597+00:00
eredivisie:espn:401875570	m_19Md0g	1.0	normalized oriented team pair + kickoff tolerance	pitchapi	eredivisie:for-sittard	eredivisie:excelsior	2026-10-25 11:15:00+00:00	2026-10-02T15:53:34.061597+00:00
eredivisie:espn:401875568	m_24i8Xg	1.0	normalized oriented team pair + kickoff tolerance	pitchapi	eredivisie:psv-eindhoven	eredivisie:feyenoord	2026-10-25 13:30:00+00:00	2026-10-02T15:53:34.061597+00:00
eredivisie:espn:401875569	m_4dmjUp	1.0	normalized oriented team pair + kickoff tolerance	pitchapi	eredivisie:nijmegen	eredivisie:groningen	2026-10-25 13:30:00+00:00	2026-10-02T15:53:34.061597+00:00
eredivisie:espn:401875567	m_2nTrHG	1.0	normalized oriented team pair + kickoff tolerance	pitchapi	eredivisie:sparta-rotterdam	eredivisie:ajax	2026-10-25 15:45:00+00:00	2026-10-02T15:53:34.061597+00:00
eredivisie:espn:401875566	m_4bz6zw	1.0	normalized oriented team pair + kickoff tolerance	pitchapi	eredivisie:az-alkmaar	eredivisie:twente	2026-10-25 19:00:00+00:00	2026-10-02T15:53:34.061597+00:00
eredivisie:espn:401875565	m_2dR2ia	1.0	normalized oriented team pair + kickoff tolerance	pitchapi	eredivisie:feyenoord	eredivisie:for-sittard	2026-10-31 15:30:00+00:00	2026-10-02T15:53:34.061597+00:00
eredivisie:espn:401875563	m_4EY4Xg	1.0	normalized oriented team pair + kickoff tolerance	pitchapi	eredivisie:heerenveen	eredivisie:nijmegen	2026-10-31 17:45:00+00:00	2026-10-02T15:53:34.061597+00:00
eredivisie:espn:401875564	m_3ftnql	1.0	normalized oriented team pair + kickoff tolerance	pitchapi	eredivisie:psv-eindhoven	eredivisie:willem-ii	2026-10-31 17:45:00+00:00	2026-10-02T15:53:34.061597+00:00
eredivisie:espn:401875561	m_041XzQ	1.0	normalized oriented team pair + kickoff tolerance	pitchapi	eredivisie:cambuur	eredivisie:go-ahead-eagles	2026-10-31 20:00:00+00:00	2026-10-02T15:53:34.061597+00:00
eredivisie:espn:401875562	m_0nBUd0	1.0	normalized oriented team pair + kickoff tolerance	pitchapi	eredivisie:ajax	eredivisie:az-alkmaar	2026-10-31 20:00:00+00:00	2026-10-02T15:53:34.061597+00:00
eredivisie:espn:401875560	m_3022Tt	1.0	normalized oriented team pair + kickoff tolerance	pitchapi	eredivisie:zwolle	eredivisie:ado-den-haag	2026-11-01 11:15:00+00:00	2026-10-02T15:53:34.061597+00:00
eredivisie:espn:401875559	m_2NTHrt	1.0	normalized oriented team pair + kickoff tolerance	pitchapi	eredivisie:excelsior	eredivisie:twente	2026-11-01 13:30:00+00:00	2026-10-02T15:53:34.061597+00:00
eredivisie:espn:401875558	m_4OH4hE	1.0	normalized oriented team pair + kickoff tolerance	pitchapi	eredivisie:telstar	eredivisie:utrecht	2026-11-01 13:30:00+00:00	2026-10-02T15:53:34.061597+00:00
eredivisie:espn:401875557	m_1DMpTu	1.0	normalized oriented team pair + kickoff tolerance	pitchapi	eredivisie:groningen	eredivisie:sparta-rotterdam	2026-11-01 15:45:00+00:00	2026-10-02T15:53:34.061597+00:00
eredivisie:espn:401875556	m_1qdH6l	1.0	normalized oriented team pair + kickoff tolerance	pitchapi	eredivisie:willem-ii	eredivisie:zwolle	2026-11-06 19:00:00+00:00	2026-10-02T15:53:34.061597+00:00
eredivisie:espn:401875555	m_0gM11h	1.0	normalized oriented team pair + kickoff tolerance	pitchapi	eredivisie:for-sittard	eredivisie:telstar	2026-11-07 15:30:00+00:00	2026-10-02T15:53:34.061597+00:00
eredivisie:espn:401875552	m_3Emnav	1.0	normalized oriented team pair + kickoff tolerance	pitchapi	eredivisie:ado-den-haag	eredivisie:sparta-rotterdam	2026-11-07 17:45:00+00:00	2026-10-02T15:53:34.061597+00:00
eredivisie:espn:401875554	m_3sUZnn	1.0	normalized oriented team pair + kickoff tolerance	pitchapi	eredivisie:excelsior	eredivisie:go-ahead-eagles	2026-11-07 20:00:00+00:00	2026-10-02T15:53:34.061597+00:00
eredivisie:espn:401875551	m_4Uu1Th	1.0	normalized oriented team pair + kickoff tolerance	pitchapi	eredivisie:heerenveen	eredivisie:feyenoord	2026-11-08 11:15:00+00:00	2026-10-02T15:53:34.061597+00:00
eredivisie:espn:401875550	m_3BUB1s	1.0	normalized oriented team pair + kickoff tolerance	pitchapi	eredivisie:twente	eredivisie:ajax	2026-11-08 13:30:00+00:00	2026-10-02T15:53:34.061597+00:00
eredivisie:espn:401875548	m_49zUS6	1.0	normalized oriented team pair + kickoff tolerance	pitchapi	eredivisie:az-alkmaar	eredivisie:groningen	2026-11-08 15:45:00+00:00	2026-10-02T15:53:34.061597+00:00
eredivisie:espn:401875553	m_4cJyXq	1.0	normalized oriented team pair + kickoff tolerance	pitchapi	eredivisie:cambuur	eredivisie:psv-eindhoven	2026-11-08 15:45:00+00:00	2026-10-02T15:53:34.061597+00:00
eredivisie:espn:401875549	m_1coZrO	1.0	normalized oriented team pair + kickoff tolerance	pitchapi	eredivisie:utrecht	eredivisie:nijmegen	2026-11-08 19:00:00+00:00	2026-10-02T15:53:34.061597+00:00
eredivisie:espn:401875541	m_2iUNB9	1.0	normalized oriented team pair + kickoff tolerance	pitchapi	eredivisie:nijmegen	eredivisie:psv-eindhoven	2026-11-21 15:30:00+00:00	2026-10-02T15:53:34.061597+00:00
eredivisie:espn:401875544	m_1AYLxx	1.0	normalized oriented team pair + kickoff tolerance	pitchapi	eredivisie:utrecht	eredivisie:cambuur	2026-11-21 17:45:00+00:00	2026-10-02T15:53:34.061597+00:00
eredivisie:espn:401875543	m_0ixAhG	1.0	normalized oriented team pair + kickoff tolerance	pitchapi	eredivisie:feyenoord	eredivisie:excelsior	2026-11-21 17:45:00+00:00	2026-10-02T15:53:34.061597+00:00
eredivisie:espn:401875539	m_3DedXe	1.0	normalized oriented team pair + kickoff tolerance	pitchapi	eredivisie:telstar	eredivisie:zwolle	2026-11-21 20:00:00+00:00	2026-10-02T15:53:34.061597+00:00
eredivisie:espn:401875546	m_42n8w2	1.0	normalized oriented team pair + kickoff tolerance	pitchapi	eredivisie:groningen	eredivisie:heerenveen	2026-11-21 20:00:00+00:00	2026-10-02T15:53:34.061597+00:00
eredivisie:espn:401875545	m_26Cebe	1.0	normalized oriented team pair + kickoff tolerance	pitchapi	eredivisie:twente	eredivisie:willem-ii	2026-11-22 11:15:00+00:00	2026-10-02T15:53:34.061597+00:00
eredivisie:espn:401875547	m_2L6PuX	1.0	normalized oriented team pair + kickoff tolerance	pitchapi	eredivisie:ajax	eredivisie:ado-den-haag	2026-11-22 13:30:00+00:00	2026-10-02T15:53:34.061597+00:00
eredivisie:espn:401875540	m_0sPfsg	1.0	normalized oriented team pair + kickoff tolerance	pitchapi	eredivisie:sparta-rotterdam	eredivisie:az-alkmaar	2026-11-22 13:30:00+00:00	2026-10-02T15:53:34.061597+00:00
eredivisie:espn:401875542	m_1Sosat	1.0	normalized oriented team pair + kickoff tolerance	pitchapi	eredivisie:go-ahead-eagles	eredivisie:for-sittard	2026-11-22 15:45:00+00:00	2026-10-02T15:53:34.061597+00:00
eredivisie:espn:401875536	m_0CVdnC	1.0	normalized oriented team pair + kickoff tolerance	pitchapi	eredivisie:groningen	eredivisie:willem-ii	2026-11-27 19:00:00+00:00	2026-10-02T15:53:34.061597+00:00
eredivisie:espn:401875537	m_2QnDdy	1.0	normalized oriented team pair + kickoff tolerance	pitchapi	eredivisie:excelsior	eredivisie:telstar	2026-11-28 15:30:00+00:00	2026-10-02T15:53:34.061597+00:00
eredivisie:espn:401875531	m_0uMAMN	1.0	normalized oriented team pair + kickoff tolerance	pitchapi	eredivisie:psv-eindhoven	eredivisie:go-ahead-eagles	2026-11-28 17:45:00+00:00	2026-10-02T15:53:34.061597+00:00
eredivisie:espn:401875530	m_1NQtBM	1.0	normalized oriented team pair + kickoff tolerance	pitchapi	eredivisie:cambuur	eredivisie:sparta-rotterdam	2026-11-28 20:00:00+00:00	2026-10-02T15:53:34.061597+00:00
eredivisie:espn:401875538	m_17Fghi	1.0	normalized oriented team pair + kickoff tolerance	pitchapi	eredivisie:ado-den-haag	eredivisie:utrecht	2026-11-29 11:15:00+00:00	2026-10-02T15:53:34.061597+00:00
eredivisie:espn:401875535	m_4D7uX9	1.0	normalized oriented team pair + kickoff tolerance	pitchapi	eredivisie:feyenoord	eredivisie:ajax	2026-11-29 13:30:00+00:00	2026-10-02T15:53:34.061597+00:00
eredivisie:espn:401875534	m_068FZj	1.0	normalized oriented team pair + kickoff tolerance	pitchapi	eredivisie:for-sittard	eredivisie:heerenveen	2026-11-29 13:30:00+00:00	2026-10-02T15:53:34.061597+00:00
eredivisie:espn:401875532	m_1TX8SO	1.0	normalized oriented team pair + kickoff tolerance	pitchapi	eredivisie:zwolle	eredivisie:az-alkmaar	2026-11-29 15:45:00+00:00	2026-10-02T15:53:34.061597+00:00
eredivisie:espn:401875533	m_1sCd34	1.0	normalized oriented team pair + kickoff tolerance	pitchapi	eredivisie:nijmegen	eredivisie:twente	2026-11-29 19:00:00+00:00	2026-10-02T15:53:34.061597+00:00
