fixture_id,provider_event_id,source,observed_at,kickoff_utc,edition_id,rules_version,Date,Time,HomeTeam,AwayTeam,home_team_id,away_team_id,Status,home_history_n,home_rest_days,home_points_l5,home_goals_for_l5,home_goals_against_l5,home_goal_diff_l10,home_clean_sheet_l10,home_shots_for_ewm10,home_shots_against_ewm10,away_history_n,away_rest_days,away_points_l5,away_goals_for_l5,away_goals_against_l5,away_goal_diff_l10,away_clean_sheet_l10,away_shots_for_ewm10,away_shots_against_ewm10,HomeTeamPointsLast5,AwayTeamPointsLast5,HomeRestDays,AwayRestDays,as_of,HomeWin_Prob,Draw_Prob,AwayWin_Prob,PredictedResult,ModelLean,ModelLeanProbability,Risk_Score,Confidence_Score,Risk_Category,Recommendation,BetRecommendation,BetReason,PredictionGeneratedAt
eredivisie:espn:401875592,401875592,espn,2026-10-02T11:54:54.917950+00:00,2026-10-09 18:00:00+00:00,ned.1:2026-27,ned.1-2026-27-v1,2026-10-09,20:00,PSV Eindhoven,Heerenveen,eredivisie:psv-eindhoven,eredivisie:heerenveen,STATUS_SCHEDULED,143,19.229166666666668,12.0,4.0,1.4,2.1,0.0,19.257169828641036,12.105371585388857,143,20.052083333333332,5.0,1.6,1.4,0.2,0.5,16.770122886721303,15.413769906153108,12.0,5.0,19.229166666666668,20.052083333333332,2026-10-02T16:16:24.053605+00:00,0.5391990155002214,0.2736038433698559,0.18719714112992267,Home Win,PSV Eindhoven,0.5391990155002214,70.81071358835679,0.2918928641164321,Moderate Risk,No Clear Edge,No bet,Market odds unavailable; betting value cannot be established.,2026-10-02T16:16:30.367937+00:00
eredivisie:espn:401875590,401875590,espn,2026-10-02T11:54:54.917950+00:00,2026-10-10 14:30:00+00:00,ned.1:2026-27,ned.1-2026-27-v1,2026-10-10,16:30,Go Ahead Eagles,Sparta Rotterdam,eredivisie:go-ahead-eagles,eredivisie:sparta-rotterdam,STATUS_SCHEDULED,143,19.989583333333332,6.0,2.0,2.2,-0.2,0.0,14.28693712841775,17.69774565054086,143,20.90625,2.0,1.4,3.0,-1.2,0.0,13.121181141561133,18.651311260944134,6.0,2.0,19.989583333333332,20.90625,2026-10-02T16:16:24.053605+00:00,0.526250200692277,0.23972387608585138,0.23402592322187166,Home Win,Go Ahead Eagles,0.526250200692277,71.17395158262762,0.2882604841737238,Moderate Risk,No Clear Edge,No bet,Market odds unavailable; betting value cannot be established.,2026-10-02T16:16:30.367937+00:00
eredivisie:espn:401875591,401875591,espn,2026-10-02T11:54:54.917950+00:00,2026-10-10 16:45:00+00:00,ned.1:2026-27,ned.1-2026-27-v1,2026-10-10,18:45,Feyenoord,AZ Alkmaar,eredivisie:feyenoord,eredivisie:az-alkmaar,STATUS_SCHEDULED,143,20.270833333333332,13.0,4.4,1.0,2.1,0.4,20.63663006740685,8.96488647808744,143,20.177083333333332,13.0,2.4,1.0,1.2,0.3,18.55323217729509,8.800060477413535,13.0,13.0,20.270833333333332,20.177083333333332,2026-10-02T16:16:24.053605+00:00,0.4856123540626449,0.2747943536094971,0.23959329232785798,Home Win,Feyenoord,0.4856123540626449,77.84686330698317,0.22153136693016837,Moderate Risk,No Clear Edge,No bet,Market odds unavailable; betting value cannot be established.,2026-10-02T16:16:30.367937+00:00
eredivisie:espn:401875588,401875588,espn,2026-10-02T11:54:54.917950+00:00,2026-10-10 18:00:00+00:00,ned.1:2026-27,ned.1-2026-27-v1,2026-10-10,20:00,For Sittard,Twente,eredivisie:for-sittard,eredivisie:twente,STATUS_SCHEDULED,143,20.958333333333332,9.0,1.6,2.2,-0.3,0.1,10.9854478744011,18.41850236860831,143,20.229166666666668,13.0,2.4,1.0,0.8,0.3,20.50480423769801,10.738767267060915,9.0,13.0,20.958333333333332,20.229166666666668,2026-10-02T16:16:24.053605+00:00,0.23565379975924355,0.2724998133204104,0.491846386920346,Away Win,Twente,0.491846386920346,76.94394222727527,0.23056057772724725,Moderate Risk,No Clear Edge,No bet,Market odds unavailable; betting value cannot be established.,2026-10-02T16:16:30.367937+00:00
eredivisie:espn:401875589,401875589,espn,2026-10-02T11:54:54.917950+00:00,2026-10-10 19:00:00+00:00,ned.1:2026-27,ned.1-2026-27-v1,2026-10-10,21:00,Ajax,Nijmegen,eredivisie:ajax,eredivisie:nijmegen,STATUS_SCHEDULED,143,21.041666666666668,10.0,3.4,1.4,1.1,0.3,23.661702066315954,10.077390204695734,143,20.177083333333332,5.0,1.4,2.0,-0.1,0.0,15.710950605694954,11.855538824361355,10.0,5.0,21.041666666666668,20.177083333333332,2026-10-02T16:16:24.053605+00:00,0.6157045531690277,0.20887029911434069,0.17542514771663162,Home Win,Ajax,0.6157045531690277,58.29867868242711,0.41701321317572887,Low Risk,Consider Home,No bet,Market odds unavailable; betting value cannot be established.,2026-10-02T16:16:30.367937+00:00
eredivisie:espn:401875587,401875587,espn,2026-10-02T11:54:54.917950+00:00,2026-10-11 10:15:00+00:00,ned.1:2026-27,ned.1-2026-27-v1,2026-10-11,12:15,Utrecht,Willem II,eredivisie:utrecht,eredivisie:willem-ii,STATUS_SCHEDULED,143,21.0,5.0,1.8,3.6,-0.8,0.2,11.791978387724374,17.170609972532958,41,21.635416666666668,2.0,0.8,2.4,-1.6,0.0,11.562948560125534,19.965778488438495,5.0,2.0,21.0,21.635416666666668,2026-10-02T16:16:24.053605+00:00,0.5132202538417028,0.26538854432068265,0.22139120183761454,Home Win,Utrecht,0.5132202538417028,73.87777949406549,0.2612222050593452,Moderate Risk,No Clear Edge,No bet,Market odds unavailable; betting value cannot be established.,2026-10-02T16:16:30.367937+00:00
eredivisie:espn:401875586,401875586,espn,2026-10-02T11:54:54.917950+00:00,2026-10-11 12:30:00+00:00,ned.1:2026-27,ned.1-2026-27-v1,2026-10-11,14:30,Zwolle,Cambuur,eredivisie:zwolle,eredivisie:cambuur,STATUS_SCHEDULED,109,22.770833333333332,4.0,1.0,3.0,-1.6,0.2,10.191516321959897,19.052406300459094,41,21.916666666666668,5.0,1.8,2.4,-1.0,0.2,11.664844967775286,15.16691502308681,4.0,5.0,22.770833333333332,21.916666666666668,2026-10-02T16:16:24.053605+00:00,0.3404180593953379,0.27947432995839827,0.3801076106462637,Away Win,Cambuur,0.3801076106462637,94.176235718131,0.05823764281869004,Critical Risk,No Clear Edge,No bet,Market odds unavailable; betting value cannot be established.,2026-10-02T16:16:30.367937+00:00
eredivisie:espn:401875585,401875585,espn,2026-10-02T11:54:54.917950+00:00,2026-10-11 12:30:00+00:00,ned.1:2026-27,ned.1-2026-27-v1,2026-10-11,14:30,Telstar,ADO Den Haag,eredivisie:telstar,eredivisie:ado-den-haag,STATUS_SCHEDULED,41,21.0,2.0,0.4,1.6,-0.3,0.2,8.412736626159663,17.355947992992892,0,,,,,,,,,2.0,,21.0,,2026-10-02T16:16:24.053605+00:00,0.2545781538096197,0.3321108529085701,0.41331099328181026,Away Win,ADO Den Haag,0.41331099328181026,89.52029512053402,0.10479704879465987,High Risk,No Clear Edge,No bet,Market odds unavailable; betting value cannot be established.,2026-10-02T16:16:30.367937+00:00
eredivisie:espn:401875584,401875584,espn,2026-10-02T11:54:54.917950+00:00,2026-10-11 14:45:00+00:00,ned.1:2026-27,ned.1-2026-27-v1,2026-10-11,16:45,Excelsior,Groningen,eredivisie:excelsior,eredivisie:groningen,STATUS_SCHEDULED,109,21.864583333333332,8.0,2.0,1.4,0.8,0.2,11.186841000889183,16.582716811124882,109,22.864583333333332,5.0,1.8,2.2,0.3,0.1,14.761569097394165,14.50782581028334,8.0,5.0,21.864583333333332,22.864583333333332,2026-10-02T16:16:24.053605+00:00,0.38645420525636487,0.2723352166257385,0.3412105781178966,Home Win,Excelsior,0.38645420525636487,93.37943063204402,0.0662056936795598,Critical Risk,No Clear Edge,No bet,Market odds unavailable; betting value cannot be established.,2026-10-02T16:16:30.367937+00:00
eredivisie:espn:401875583,401875583,espn,2026-10-02T11:54:54.917950+00:00,2026-10-16 18:00:00+00:00,ned.1:2026-27,ned.1-2026-27-v1,2026-10-16,20:00,Heerenveen,Excelsior,eredivisie:heerenveen,eredivisie:excelsior,STATUS_SCHEDULED,143,27.052083333333332,5.0,1.6,1.4,0.2,0.5,16.770122886721303,15.413769906153108,109,27.0,8.0,2.0,1.4,0.8,0.2,11.186841000889183,16.582716811124882,5.0,8.0,27.052083333333332,27.0,2026-10-02T16:16:24.053605+00:00,0.35883739073990245,0.26056839987254343,0.38059420938755417,Away Win,Excelsior,0.38059420938755417,94.83352276101085,0.05166477238989146,Critical Risk,No Clear Edge,No bet,Market odds unavailable; betting value cannot be established.,2026-10-02T16:16:30.367937+00:00
eredivisie:espn:401875582,401875582,espn,2026-10-02T11:54:54.917950+00:00,2026-10-17 14:30:00+00:00,ned.1:2026-27,ned.1-2026-27-v1,2026-10-17,16:30,ADO Den Haag,PSV Eindhoven,eredivisie:ado-den-haag,eredivisie:psv-eindhoven,STATUS_SCHEDULED,0,,,,,,,,,143,27.083333333333332,12.0,4.0,1.4,2.1,0.0,19.257169828641036,12.105371585388857,,12.0,,27.083333333333332,2026-10-02T16:16:24.053605+00:00,0.2765144618782458,0.23150793989747656,0.4919775982242777,Away Win,PSV Eindhoven,0.4919775982242777,77.08392265293863,0.22916077347061384,Moderate Risk,No Clear Edge,No bet,Market odds unavailable; betting value cannot be established.,2026-10-02T16:16:30.367937+00:00
eredivisie:espn:401875580,401875580,espn,2026-10-02T11:54:54.917950+00:00,2026-10-17 18:00:00+00:00,ned.1:2026-27,ned.1-2026-27-v1,2026-10-17,20:00,Telstar,Feyenoord,eredivisie:telstar,eredivisie:feyenoord,STATUS_SCHEDULED,41,27.229166666666668,2.0,0.4,1.6,-0.3,0.2,8.412736626159663,17.355947992992892,143,27.322916666666668,13.0,4.4,1.0,2.1,0.4,20.63663006740685,8.96488647808744,2.0,13.0,27.229166666666668,27.322916666666668,2026-10-02T16:16:24.053605+00:00,0.1286549253034943,0.21290906990499325,0.6584360047915124,Away Win,Feyenoord,0.6584360047915124,52.883049936519846,0.4711695006348015,Low Risk,Strong Away Lean,No bet,Market odds unavailable; betting value cannot be established.,2026-10-02T16:16:30.367937+00:00
eredivisie:espn:401875579,401875579,espn,2026-10-02T11:54:54.917950+00:00,2026-10-17 19:00:00+00:00,ned.1:2026-27,ned.1-2026-27-v1,2026-10-17,21:00,Sparta Rotterdam,Willem II,eredivisie:sparta-rotterdam,eredivisie:willem-ii,STATUS_SCHEDULED,143,28.09375,2.0,1.4,3.0,-1.2,0.0,13.121181141561133,18.651311260944134,41,28.0,2.0,0.8,2.4,-1.6,0.0,11.562948560125534,19.965778488438495,2.0,2.0,28.09375,28.0,2026-10-02T16:16:24.053605+00:00,0.4091449053612416,0.303138807981126,0.28771628665763244,Home Win,Sparta Rotterdam,0.4091449053612416,88.93000917822994,0.1106999082177006,High Risk,No Clear Edge,No bet,Market odds unavailable; betting value cannot be established.,2026-10-02T16:16:30.367937+00:00
eredivisie:espn:401875578,401875578,espn,2026-10-02T11:54:54.917950+00:00,2026-10-18 10:15:00+00:00,ned.1:2026-27,ned.1-2026-27-v1,2026-10-18,12:15,Zwolle,Go Ahead Eagles,eredivisie:zwolle,eredivisie:go-ahead-eagles,STATUS_SCHEDULED,109,29.677083333333332,4.0,1.0,3.0,-1.6,0.2,10.191516321959897,19.052406300459094,143,27.8125,6.0,2.0,2.2,-0.2,0.0,14.28693712841775,17.69774565054086,4.0,6.0,29.677083333333332,27.8125,2026-10-02T16:16:24.053605+00:00,0.3576673540715959,0.23031905693659452,0.4120135889918097,Away Win,Go Ahead Eagles,0.4120135889918097,90.68955876908727,0.09310441230912726,High Risk,No Clear Edge,No bet,Market odds unavailable; betting value cannot be established.,2026-10-02T16:16:30.367937+00:00
eredivisie:espn:401875576,401875576,espn,2026-10-02T11:54:54.917950+00:00,2026-10-18 12:30:00+00:00,ned.1:2026-27,ned.1-2026-27-v1,2026-10-18,14:30,Cambuur,AZ Alkmaar,eredivisie:cambuur,eredivisie:az-alkmaar,STATUS_SCHEDULED,41,28.916666666666668,5.0,1.8,2.4,-1.0,0.2,11.664844967775286,15.16691502308681,143,28.0,13.0,2.4,1.0,1.2,0.3,18.55323217729509,8.800060477413535,5.0,13.0,28.916666666666668,28.0,2026-10-02T16:16:24.053605+00:00,0.25509670816199326,0.2572450197016769,0.4876582721363299,Away Win,AZ Alkmaar,0.4876582721363299,76.89329136184868,0.23106708638151324,Moderate Risk,No Clear Edge,No bet,Market odds unavailable; betting value cannot be established.,2026-10-02T16:16:30.367937+00:00
eredivisie:espn:401875575,401875575,espn,2026-10-02T11:54:54.917950+00:00,2026-10-18 14:45:00+00:00,ned.1:2026-27,ned.1-2026-27-v1,2026-10-18,16:45,Groningen,Ajax,eredivisie:groningen,eredivisie:ajax,STATUS_SCHEDULED,109,29.864583333333332,5.0,1.8,2.2,0.3,0.1,14.761569097394165,14.50782581028334,143,28.864583333333332,10.0,3.4,1.4,1.1,0.3,23.661702066315954,10.077390204695734,5.0,10.0,29.864583333333332,28.864583333333332,2026-10-02T16:16:24.053605+00:00,0.2597435151013262,0.2536001290542289,0.486656355844445,Away Win,Ajax,0.486656355844445,77.12174330686342,0.22878256693136576,Moderate Risk,No Clear Edge,No bet,Market odds unavailable; betting value cannot be established.,2026-10-02T16:16:30.367937+00:00
eredivisie:espn:401875577,401875577,espn,2026-10-02T11:54:54.917950+00:00,2026-10-18 18:00:00+00:00,ned.1:2026-27,ned.1-2026-27-v1,2026-10-18,20:00,Twente,Utrecht,eredivisie:twente,eredivisie:utrecht,STATUS_SCHEDULED,143,28.229166666666668,13.0,2.4,1.0,0.8,0.3,20.50480423769801,10.738767267060915,143,28.322916666666668,5.0,1.8,3.6,-0.8,0.2,11.791978387724374,17.170609972532958,13.0,5.0,28.229166666666668,28.322916666666668,2026-10-02T16:16:24.053605+00:00,0.651609277979253,0.20655105448239539,0.14183966753835156,Home Win,Twente,0.651609277979253,53.52470065636508,0.4647529934363492,Low Risk,Strong Home Lean,No bet,Market odds unavailable; betting value cannot be established.,2026-10-02T16:16:30.367937+00:00
eredivisie:espn:401875581,401875581,espn,2026-10-02T11:54:54.917950+00:00,2026-10-18 18:00:00+00:00,ned.1:2026-27,ned.1-2026-27-v1,2026-10-18,20:00,Nijmegen,For Sittard,eredivisie:nijmegen,eredivisie:for-sittard,STATUS_SCHEDULED,143,28.135416666666668,5.0,1.4,2.0,-0.1,0.0,15.710950605694954,11.855538824361355,143,28.958333333333332,9.0,1.6,2.2,-0.3,0.1,10.9854478744011,18.41850236860831,5.0,9.0,28.135416666666668,28.958333333333332,2026-10-02T16:16:24.053605+00:00,0.4992111208111575,0.30306312255499357,0.19772575663384903,Home Win,Nijmegen,0.4992111208111575,77.17928034200095,0.22820719657999053,Moderate Risk,No Clear Edge,No bet,Market odds unavailable; betting value cannot be established.,2026-10-02T16:16:30.367937+00:00
eredivisie:espn:401875574,401875574,espn,2026-10-02T11:54:54.917950+00:00,2026-10-23 18:00:00+00:00,ned.1:2026-27,ned.1-2026-27-v1,2026-10-23,20:00,Go Ahead Eagles,Telstar,eredivisie:go-ahead-eagles,eredivisie:telstar,STATUS_SCHEDULED,143,33.135416666666664,6.0,2.0,2.2,-0.2,0.0,14.28693712841775,17.69774565054086,41,33.229166666666664,2.0,0.4,1.6,-0.3,0.2,8.412736626159663,17.355947992992892,6.0,2.0,33.135416666666664,33.229166666666664,2026-10-02T16:16:24.053605+00:00,0.38494940046921927,0.32095515901044075,0.29409544052034003,Home Win,Go Ahead Eagles,0.38494940046921927,92.78310616094517,0.07216893839054836,Critical Risk,No Clear Edge,No bet,Market odds unavailable; betting value cannot be established.,2026-10-02T16:16:30.367937+00:00
eredivisie:espn:401875573,401875573,espn,2026-10-02T11:54:54.917950+00:00,2026-10-24 14:30:00+00:00,ned.1:2026-27,ned.1-2026-27-v1,2026-10-24,16:30,Utrecht,Zwolle,eredivisie:utrecht,eredivisie:zwolle,STATUS_SCHEDULED,143,34.177083333333336,5.0,1.8,3.6,-0.8,0.2,11.791978387724374,17.170609972532958,109,35.854166666666664,4.0,1.0,3.0,-1.6,0.2,10.191516321959897,19.052406300459094,5.0,4.0,34.177083333333336,35.854166666666664,2026-10-02T16:16:24.053605+00:00,0.5360335905996111,0.2525683866109877,0.21139802278940129,Home Win,Utrecht,0.5360335905996111,70.40046852830677,0.2959953147169323,Moderate Risk,No Clear Edge,No bet,Market odds unavailable; betting value cannot be established.,2026-10-02T16:16:30.367937+00:00
eredivisie:espn:401875572,401875572,espn,2026-10-02T11:54:54.917950+00:00,2026-10-24 16:45:00+00:00,ned.1:2026-27,ned.1-2026-27-v1,2026-10-24,18:45,Willem II,Cambuur,eredivisie:willem-ii,eredivisie:cambuur,STATUS_SCHEDULED,41,34.90625,2.0,0.8,2.4,-1.6,0.0,11.562948560125534,19.965778488438495,41,35.09375,5.0,1.8,2.4,-1.0,0.2,11.664844967775286,15.16691502308681,2.0,5.0,34.90625,35.09375,2026-10-02T16:16:24.053605+00:00,0.28791009125061673,0.30481450375916225,0.40727540499022113,Away Win,Cambuur,0.40727540499022113,89.23942775706881,0.10760572242931185,High Risk,No Clear Edge,No bet,Market odds unavailable; betting value cannot be established.,2026-10-02T16:16:30.367937+00:00
eredivisie:espn:401875571,401875571,espn,2026-10-02T11:54:54.917950+00:00,2026-10-24 19:00:00+00:00,ned.1:2026-27,ned.1-2026-27-v1,2026-10-24,21:00,ADO Den Haag,Heerenveen,eredivisie:ado-den-haag,eredivisie:heerenveen,STATUS_SCHEDULED,0,,,,,,,,,143,35.09375,5.0,1.6,1.4,0.2,0.5,16.770122886721303,15.413769906153108,,5.0,,35.09375,2026-10-02T16:16:24.053605+00:00,0.3554681744689171,0.25836967892698076,0.38616214660410225,Away Win,Heerenveen,0.38616214660410225,93.97543118303125,0.06024568816968755,Critical Risk,No Clear Edge,No bet,Market odds unavailable; betting value cannot be established.,2026-10-02T16:16:30.367937+00:00
eredivisie:espn:401875570,401875570,espn,2026-10-02T11:54:54.917950+00:00,2026-10-25 11:15:00+00:00,ned.1:2026-27,ned.1-2026-27-v1,2026-10-25,12:15,For Sittard,Excelsior,eredivisie:for-sittard,eredivisie:excelsior,STATUS_SCHEDULED,143,35.677083333333336,9.0,1.6,2.2,-0.3,0.1,10.9854478744011,18.41850236860831,109,35.71875,8.0,2.0,1.4,0.8,0.2,11.186841000889183,16.582716811124882,9.0,8.0,35.677083333333336,35.71875,2026-10-02T16:16:24.053605+00:00,0.3123675828400483,0.29156822362778106,0.39606419353217065,Away Win,Excelsior,0.39606419353217065,90.99731495476225,0.09002685045237761,High Risk,No Clear Edge,No bet,Market odds unavailable; betting value cannot be established.,2026-10-02T16:16:30.367937+00:00
eredivisie:espn:401875569,401875569,espn,2026-10-02T11:54:54.917950+00:00,2026-10-25 13:30:00+00:00,ned.1:2026-27,ned.1-2026-27-v1,2026-10-25,14:30,Nijmegen,Groningen,eredivisie:nijmegen,eredivisie:groningen,STATUS_SCHEDULED,143,34.947916666666664,5.0,1.4,2.0,-0.1,0.0,15.710950605694954,11.855538824361355,109,36.8125,5.0,1.8,2.2,0.3,0.1,14.761569097394165,14.50782581028334,5.0,5.0,34.947916666666664,36.8125,2026-10-02T16:16:24.053605+00:00,0.39958294011598333,0.2910603024676301,0.3093567574163867,Home Win,Nijmegen,0.39958294011598333,90.42053310116513,0.0957946689883487,High Risk,No Clear Edge,No bet,Market odds unavailable; betting value cannot be established.,2026-10-02T16:16:30.367937+00:00
eredivisie:espn:401875568,401875568,espn,2026-10-02T11:54:54.917950+00:00,2026-10-25 13:30:00+00:00,ned.1:2026-27,ned.1-2026-27-v1,2026-10-25,14:30,PSV Eindhoven,Feyenoord,eredivisie:psv-eindhoven,eredivisie:feyenoord,STATUS_SCHEDULED,143,35.041666666666664,12.0,4.0,1.4,2.1,0.0,19.257169828641036,12.105371585388857,143,35.135416666666664,13.0,4.4,1.0,2.1,0.4,20.63663006740685,8.96488647808744,12.0,13.0,35.041666666666664,35.135416666666664,2026-10-02T16:16:24.053605+00:00,0.33113531052931816,0.3040302640558757,0.3648344254148062,Away Win,Feyenoord,0.3648344254148062,95.80515231443339,0.041948476855666154,Critical Risk,No Clear Edge,No bet,Market odds unavailable; betting value cannot be established.,2026-10-02T16:16:30.367937+00:00
eredivisie:espn:401875567,401875567,espn,2026-10-02T11:54:54.917950+00:00,2026-10-25 15:45:00+00:00,ned.1:2026-27,ned.1-2026-27-v1,2026-10-25,16:45,Sparta Rotterdam,Ajax,eredivisie:sparta-rotterdam,eredivisie:ajax,STATUS_SCHEDULED,143,35.958333333333336,2.0,1.4,3.0,-1.2,0.0,13.121181141561133,18.651311260944134,143,35.90625,10.0,3.4,1.4,1.1,0.3,23.661702066315954,10.077390204695734,2.0,10.0,35.958333333333336,35.90625,2026-10-02T16:16:24.053605+00:00,0.15632302501518797,0.20738820071166017,0.6362887742731519,Away Win,Ajax,0.6362887742731519,55.55578512265386,0.44444214877346144,Low Risk,Consider Away,No bet,Market odds unavailable; betting value cannot be established.,2026-10-02T16:16:30.367937+00:00
eredivisie:espn:401875566,401875566,espn,2026-10-02T11:54:54.917950+00:00,2026-10-25 19:00:00+00:00,ned.1:2026-27,ned.1-2026-27-v1,2026-10-25,20:00,AZ Alkmaar,Twente,eredivisie:az-alkmaar,eredivisie:twente,STATUS_SCHEDULED,143,35.270833333333336,13.0,2.4,1.0,1.2,0.3,18.55323217729509,8.800060477413535,143,35.270833333333336,13.0,2.4,1.0,0.8,0.3,20.50480423769801,10.738767267060915,13.0,13.0,35.270833333333336,35.270833333333336,2026-10-02T16:16:24.053605+00:00,0.38714708157800976,0.3065918990570711,0.30626101936491906,Home Win,AZ Alkmaar,0.38714708157800976,91.93441149640586,0.08065588503594143,High Risk,No Clear Edge,No bet,Market odds unavailable; betting value cannot be established.,2026-10-02T16:16:30.367937+00:00
eredivisie:espn:401875565,401875565,espn,2026-10-02T11:54:54.917950+00:00,2026-10-31 15:30:00+00:00,ned.1:2026-27,ned.1-2026-27-v1,2026-10-31,16:30,Feyenoord,For Sittard,eredivisie:feyenoord,eredivisie:for-sittard,STATUS_SCHEDULED,143,41.21875,13.0,4.4,1.0,2.1,0.4,20.63663006740685,8.96488647808744,143,41.854166666666664,9.0,1.6,2.2,-0.3,0.1,10.9854478744011,18.41850236860831,13.0,9.0,41.21875,41.854166666666664,2026-10-02T16:16:24.053605+00:00,0.6472885792365857,0.23978033580770539,0.11293108495570894,Home Win,Feyenoord,0.6472885792365857,55.388546283355566,0.4461145371664444,Low Risk,Consider Home,No bet,Market odds unavailable; betting value cannot be established.,2026-10-02T16:16:30.367937+00:00
eredivisie:espn:401875563,401875563,espn,2026-10-02T11:54:54.917950+00:00,2026-10-31 17:45:00+00:00,ned.1:2026-27,ned.1-2026-27-v1,2026-10-31,18:45,Heerenveen,Nijmegen,eredivisie:heerenveen,eredivisie:nijmegen,STATUS_SCHEDULED,143,42.041666666666664,5.0,1.6,1.4,0.2,0.5,16.770122886721303,15.413769906153108,143,41.125,5.0,1.4,2.0,-0.1,0.0,15.710950605694954,11.855538824361355,5.0,5.0,42.041666666666664,41.125,2026-10-02T16:16:24.053605+00:00,0.363484831826508,0.23169444535446015,0.40482072281903186,Away Win,Nijmegen,0.40482072281903186,91.85539913855484,0.08144600861445155,High Risk,No Clear Edge,No bet,Market odds unavailable; betting value cannot be established.,2026-10-02T16:16:30.367937+00:00
eredivisie:espn:401875564,401875564,espn,2026-10-02T11:54:54.917950+00:00,2026-10-31 17:45:00+00:00,ned.1:2026-27,ned.1-2026-27-v1,2026-10-31,18:45,PSV Eindhoven,Willem II,eredivisie:psv-eindhoven,eredivisie:willem-ii,STATUS_SCHEDULED,143,41.21875,12.0,4.0,1.4,2.1,0.0,19.257169828641036,12.105371585388857,41,41.947916666666664,2.0,0.8,2.4,-1.6,0.0,11.562948560125534,19.965778488438495,12.0,2.0,41.21875,41.947916666666664,2026-10-02T16:16:24.053605+00:00,0.5989663350718172,0.29472874283575995,0.10630492209242287,Home Win,PSV Eindhoven,0.5989663350718172,63.84160275377098,0.3615839724622903,Moderate Risk,Consider Home,No bet,Market odds unavailable; betting value cannot be established.,2026-10-02T16:16:30.367937+00:00
eredivisie:espn:401875562,401875562,espn,2026-10-02T11:54:54.917950+00:00,2026-10-31 20:00:00+00:00,ned.1:2026-27,ned.1-2026-27-v1,2026-10-31,21:00,Ajax,AZ Alkmaar,eredivisie:ajax,eredivisie:az-alkmaar,STATUS_SCHEDULED,143,42.083333333333336,10.0,3.4,1.4,1.1,0.3,23.661702066315954,10.077390204695734,143,41.3125,13.0,2.4,1.0,1.2,0.3,18.55323217729509,8.800060477413535,10.0,13.0,42.083333333333336,41.3125,2026-10-02T16:16:24.053605+00:00,0.39988903536596665,0.28423197167146297,0.3158789929625705,Home Win,Ajax,0.39988903536596665,90.63582554645276,0.09364174453547235,High Risk,No Clear Edge,No bet,Market odds unavailable; betting value cannot be established.,2026-10-02T16:16:30.367937+00:00
eredivisie:espn:401875561,401875561,espn,2026-10-02T11:54:54.917950+00:00,2026-10-31 20:00:00+00:00,ned.1:2026-27,ned.1-2026-27-v1,2026-10-31,21:00,Cambuur,Go Ahead Eagles,eredivisie:cambuur,eredivisie:go-ahead-eagles,STATUS_SCHEDULED,41,42.229166666666664,5.0,1.8,2.4,-1.0,0.2,11.664844967775286,15.16691502308681,143,41.21875,6.0,2.0,2.2,-0.2,0.0,14.28693712841775,17.69774565054086,5.0,6.0,42.229166666666664,41.21875,2026-10-02T16:16:24.053605+00:00,0.41958604830741575,0.24885438871002752,0.3315595629825568,Home Win,Cambuur,0.41958604830741575,88.68023746791538,0.11319762532084615,High Risk,No Clear Edge,No bet,Market odds unavailable; betting value cannot be established.,2026-10-02T16:16:30.367937+00:00
eredivisie:espn:401875560,401875560,espn,2026-10-02T11:54:54.917950+00:00,2026-11-01 11:15:00+00:00,ned.1:2026-27,ned.1-2026-27-v1,2026-11-01,12:15,Zwolle,ADO Den Haag,eredivisie:zwolle,eredivisie:ado-den-haag,STATUS_SCHEDULED,109,43.71875,4.0,1.0,3.0,-1.6,0.2,10.191516321959897,19.052406300459094,0,,,,,,,,,4.0,,43.71875,,2026-10-02T16:16:24.053605+00:00,0.28243791355099457,0.28798752584706633,0.4295745606019391,Away Win,ADO Den Haag,0.4295745606019391,85.67239528071924,0.14327604719280768,High Risk,No Clear Edge,No bet,Market odds unavailable; betting value cannot be established.,2026-10-02T16:16:30.367937+00:00
eredivisie:espn:401875559,401875559,espn,2026-10-02T11:54:54.917950+00:00,2026-11-01 13:30:00+00:00,ned.1:2026-27,ned.1-2026-27-v1,2026-11-01,14:30,Excelsior,Twente,eredivisie:excelsior,eredivisie:twente,STATUS_SCHEDULED,109,42.8125,8.0,2.0,1.4,0.8,0.2,11.186841000889183,16.582716811124882,143,42.041666666666664,13.0,2.4,1.0,0.8,0.3,20.50480423769801,10.738767267060915,8.0,13.0,42.8125,42.041666666666664,2026-10-02T16:16:24.053605+00:00,0.2254434306980056,0.301700294900981,0.47285627440101347,Away Win,Twente,0.47285627440101347,80.56354096555837,0.19436459034441625,High Risk,No Clear Edge,No bet,Market odds unavailable; betting value cannot be established.,2026-10-02T16:16:30.367937+00:00
eredivisie:espn:401875558,401875558,espn,2026-10-02T11:54:54.917950+00:00,2026-11-01 13:30:00+00:00,ned.1:2026-27,ned.1-2026-27-v1,2026-11-01,14:30,Telstar,Utrecht,eredivisie:telstar,eredivisie:utrecht,STATUS_SCHEDULED,41,42.041666666666664,2.0,0.4,1.6,-0.3,0.2,8.412736626159663,17.355947992992892,143,42.135416666666664,5.0,1.8,3.6,-0.8,0.2,11.791978387724374,17.170609972532958,2.0,5.0,42.041666666666664,42.135416666666664,2026-10-02T16:16:24.053605+00:00,0.3912514464441436,0.2743971720029539,0.3343513815529025,Home Win,Telstar,0.3912514464441436,92.48530017674702,0.07514699823252982,Critical Risk,No Clear Edge,No bet,Market odds unavailable; betting value cannot be established.,2026-10-02T16:16:30.367937+00:00
eredivisie:espn:401875557,401875557,espn,2026-10-02T11:54:54.917950+00:00,2026-11-01 15:45:00+00:00,ned.1:2026-27,ned.1-2026-27-v1,2026-11-01,16:45,Groningen,Sparta Rotterdam,eredivisie:groningen,eredivisie:sparta-rotterdam,STATUS_SCHEDULED,109,43.90625,5.0,1.8,2.2,0.3,0.1,14.761569097394165,14.50782581028334,143,42.958333333333336,2.0,1.4,3.0,-1.2,0.0,13.121181141561133,18.651311260944134,5.0,2.0,43.90625,42.958333333333336,2026-10-02T16:16:24.053605+00:00,0.5466949222940797,0.24800119176063973,0.20530388594528057,Home Win,Groningen,0.5466949222940797,68.83114372618856,0.3116885627381144,Moderate Risk,No Clear Edge,No bet,Market odds unavailable; betting value cannot be established.,2026-10-02T16:16:30.367937+00:00
eredivisie:espn:401875556,401875556,espn,2026-10-02T11:54:54.917950+00:00,2026-11-06 19:00:00+00:00,ned.1:2026-27,ned.1-2026-27-v1,2026-11-06,20:00,Willem II,Zwolle,eredivisie:willem-ii,eredivisie:zwolle,STATUS_SCHEDULED,41,48.0,2.0,0.8,2.4,-1.6,0.0,11.562948560125534,19.965778488438495,109,49.041666666666664,4.0,1.0,3.0,-1.6,0.2,10.191516321959897,19.052406300459094,2.0,4.0,48.0,49.041666666666664,2026-10-02T16:16:24.053605+00:00,0.3768437842813612,0.2930135264672663,0.3301426892513725,Home Win,Willem II,0.3768437842813612,94.19987249922399,0.058001275007760186,Critical Risk,No Clear Edge,No bet,Market odds unavailable; betting value cannot be established.,2026-10-02T16:16:30.367937+00:00
eredivisie:espn:401875555,401875555,espn,2026-10-02T11:54:54.917950+00:00,2026-11-07 15:30:00+00:00,ned.1:2026-27,ned.1-2026-27-v1,2026-11-07,16:30,For Sittard,Telstar,eredivisie:for-sittard,eredivisie:telstar,STATUS_SCHEDULED,143,48.854166666666664,9.0,1.6,2.2,-0.3,0.1,10.9854478744011,18.41850236860831,41,48.125,2.0,0.4,1.6,-0.3,0.2,8.412736626159663,17.355947992992892,9.0,2.0,48.854166666666664,48.125,2026-10-02T16:16:24.053605+00:00,0.3391413468620167,0.32065442428449453,0.3402042288534887,Away Win,Telstar,0.3402042288534887,99.33106633110212,0.006689336688978738,Critical Risk,No Clear Edge,No bet,Market odds unavailable; betting value cannot be established.,2026-10-02T16:16:30.367937+00:00
eredivisie:espn:401875552,401875552,espn,2026-10-02T11:54:54.917950+00:00,2026-11-07 17:45:00+00:00,ned.1:2026-27,ned.1-2026-27-v1,2026-11-07,18:45,ADO Den Haag,Sparta Rotterdam,eredivisie:ado-den-haag,eredivisie:sparta-rotterdam,STATUS_SCHEDULED,0,,,,,,,,,143,49.041666666666664,2.0,1.4,3.0,-1.2,0.0,13.121181141561133,18.651311260944134,,2.0,,49.041666666666664,2026-10-02T16:16:24.053605+00:00,0.5045012745843964,0.24127194625272036,0.2542267791628833,Home Win,ADO Den Haag,0.5045012745843964,74.5782729344959,0.25421727065504096,Moderate Risk,No Clear Edge,No bet,Market odds unavailable; betting value cannot be established.,2026-10-02T16:16:30.367937+00:00
eredivisie:espn:401875554,401875554,espn,2026-10-02T11:54:54.917950+00:00,2026-11-07 20:00:00+00:00,ned.1:2026-27,ned.1-2026-27-v1,2026-11-07,21:00,Excelsior,Go Ahead Eagles,eredivisie:excelsior,eredivisie:go-ahead-eagles,STATUS_SCHEDULED,109,49.083333333333336,8.0,2.0,1.4,0.8,0.2,11.186841000889183,16.582716811124882,143,48.21875,6.0,2.0,2.2,-0.2,0.0,14.28693712841775,17.69774565054086,8.0,6.0,49.083333333333336,48.21875,2026-10-02T16:16:24.053605+00:00,0.39039204618591117,0.2874165716172835,0.32219138219680526,Home Win,Excelsior,0.39039204618591117,92.12156980084309,0.07878430199156904,Critical Risk,No Clear Edge,No bet,Market odds unavailable; betting value cannot be established.,2026-10-02T16:16:30.367937+00:00
eredivisie:espn:401875551,401875551,espn,2026-10-02T11:54:54.917950+00:00,2026-11-08 11:15:00+00:00,ned.1:2026-27,ned.1-2026-27-v1,2026-11-08,12:15,Heerenveen,Feyenoord,eredivisie:heerenveen,eredivisie:feyenoord,STATUS_SCHEDULED,143,49.770833333333336,5.0,1.6,1.4,0.2,0.5,16.770122886721303,15.413769906153108,143,49.041666666666664,13.0,4.4,1.0,2.1,0.4,20.63663006740685,8.96488647808744,5.0,13.0,49.770833333333336,49.041666666666664,2026-10-02T16:16:24.053605+00:00,0.14585258744972845,0.19726158839912195,0.6568858241511497,Away Win,Feyenoord,0.6568858241511497,52.472954656772195,0.475270453432278,Low Risk,Strong Away Lean,No bet,Market odds unavailable; betting value cannot be established.,2026-10-02T16:16:30.367937+00:00
eredivisie:espn:401875550,401875550,espn,2026-10-02T11:54:54.917950+00:00,2026-11-08 13:30:00+00:00,ned.1:2026-27,ned.1-2026-27-v1,2026-11-08,14:30,Twente,Ajax,eredivisie:twente,eredivisie:ajax,STATUS_SCHEDULED,143,49.041666666666664,13.0,2.4,1.0,0.8,0.3,20.50480423769801,10.738767267060915,143,49.8125,10.0,3.4,1.4,1.1,0.3,23.661702066315954,10.077390204695734,13.0,10.0,49.041666666666664,49.8125,2026-10-02T16:16:24.053605+00:00,0.2954359156465305,0.25198836463169144,0.4525757197217781,Away Win,Ajax,0.4525757197217781,82.9637028224584,0.1703629717754161,High Risk,No Clear Edge,No bet,Market odds unavailable; betting value cannot be established.,2026-10-02T16:16:30.367937+00:00
eredivisie:espn:401875548,401875548,espn,2026-10-02T11:54:54.917950+00:00,2026-11-08 15:45:00+00:00,ned.1:2026-27,ned.1-2026-27-v1,2026-11-08,16:45,AZ Alkmaar,Groningen,eredivisie:az-alkmaar,eredivisie:groningen,STATUS_SCHEDULED,143,49.135416666666664,13.0,2.4,1.0,1.2,0.3,18.55323217729509,8.800060477413535,109,50.90625,5.0,1.8,2.2,0.3,0.1,14.761569097394165,14.50782581028334,13.0,5.0,49.135416666666664,50.90625,2026-10-02T16:16:24.053605+00:00,0.49153693154314276,0.2707457150898979,0.2377173533669593,Home Win,AZ Alkmaar,0.49153693154314276,76.91566734571651,0.23084332654283482,Moderate Risk,No Clear Edge,No bet,Market odds unavailable; betting value cannot be established.,2026-10-02T16:16:30.367937+00:00
eredivisie:espn:401875553,401875553,espn,2026-10-02T11:54:54.917950+00:00,2026-11-08 15:45:00+00:00,ned.1:2026-27,ned.1-2026-27-v1,2026-11-08,16:45,Cambuur,PSV Eindhoven,eredivisie:cambuur,eredivisie:psv-eindhoven,STATUS_SCHEDULED,41,50.052083333333336,5.0,1.8,2.4,-1.0,0.2,11.664844967775286,15.16691502308681,143,49.135416666666664,12.0,4.0,1.4,2.1,0.0,19.257169828641036,12.105371585388857,5.0,12.0,50.052083333333336,49.135416666666664,2026-10-02T16:16:24.053605+00:00,0.20759500246479576,0.21755939740585029,0.5748456001293539,Away Win,PSV Eindhoven,0.5748456001293539,63.96811553379145,0.3603188446620855,Moderate Risk,Consider Away,No bet,Market odds unavailable; betting value cannot be established.,2026-10-02T16:16:30.367937+00:00
eredivisie:espn:401875549,401875549,espn,2026-10-02T11:54:54.917950+00:00,2026-11-08 19:00:00+00:00,ned.1:2026-27,ned.1-2026-27-v1,2026-11-08,20:00,Utrecht,Nijmegen,eredivisie:utrecht,eredivisie:nijmegen,STATUS_SCHEDULED,143,49.364583333333336,5.0,1.8,3.6,-0.8,0.2,11.791978387724374,17.170609972532958,143,49.177083333333336,5.0,1.4,2.0,-0.1,0.0,15.710950605694954,11.855538824361355,5.0,5.0,49.364583333333336,49.177083333333336,2026-10-02T16:16:24.053605+00:00,0.37322864681614715,0.2379526871587224,0.3888186660251305,Away Win,Nijmegen,0.3888186660251305,94.32390365474525,0.056760963452547414,Critical Risk,No Clear Edge,No bet,Market odds unavailable; betting value cannot be established.,2026-10-02T16:16:30.367937+00:00
eredivisie:espn:401875541,401875541,espn,2026-10-02T11:54:54.917950+00:00,2026-11-21 15:30:00+00:00,ned.1:2026-27,ned.1-2026-27-v1,2026-11-21,16:30,Nijmegen,PSV Eindhoven,eredivisie:nijmegen,eredivisie:psv-eindhoven,STATUS_SCHEDULED,143,62.03125,5.0,1.4,2.0,-0.1,0.0,15.710950605694954,11.855538824361355,143,62.125,12.0,4.0,1.4,2.1,0.0,19.257169828641036,12.105371585388857,5.0,12.0,62.03125,62.125,2026-10-02T16:16:24.053605+00:00,0.2178477513573089,0.2748800125389263,0.5072722361037648,Away Win,PSV Eindhoven,0.5072722361037648,75.02501317277128,0.24974986827228723,Moderate Risk,No Clear Edge,No bet,Market odds unavailable; betting value cannot be established.,2026-10-02T16:16:30.367937+00:00
eredivisie:espn:401875544,401875544,espn,2026-10-02T11:54:54.917950+00:00,2026-11-21 17:45:00+00:00,ned.1:2026-27,ned.1-2026-27-v1,2026-11-21,18:45,Utrecht,Cambuur,eredivisie:utrecht,eredivisie:cambuur,STATUS_SCHEDULED,143,62.3125,5.0,1.8,3.6,-0.8,0.2,11.791978387724374,17.170609972532958,41,63.135416666666664,5.0,1.8,2.4,-1.0,0.2,11.664844967775286,15.16691502308681,5.0,5.0,62.3125,63.135416666666664,2026-10-02T16:16:24.053605+00:00,0.34690050885398693,0.3094377005099015,0.3436617906361116,Home Win,Utrecht,0.34690050885398693,98.63452543524085,0.013654745647591494,Critical Risk,No Clear Edge,No bet,Market odds unavailable; betting value cannot be established.,2026-10-02T16:16:30.367937+00:00
eredivisie:espn:401875543,401875543,espn,2026-10-02T11:54:54.917950+00:00,2026-11-21 17:45:00+00:00,ned.1:2026-27,ned.1-2026-27-v1,2026-11-21,18:45,Feyenoord,Excelsior,eredivisie:feyenoord,eredivisie:excelsior,STATUS_SCHEDULED,143,62.3125,13.0,4.4,1.0,2.1,0.4,20.63663006740685,8.96488647808744,109,62.989583333333336,8.0,2.0,1.4,0.8,0.2,11.186841000889183,16.582716811124882,13.0,8.0,62.3125,62.989583333333336,2026-10-02T16:16:24.053605+00:00,0.5087486595880449,0.29215985102515,0.19909148938680504,Home Win,Feyenoord,0.5087486595880449,75.50860378950001,0.24491396210499988,Moderate Risk,No Clear Edge,No bet,Market odds unavailable; betting value cannot be established.,2026-10-02T16:16:30.367937+00:00
eredivisie:espn:401875546,401875546,espn,2026-10-02T11:54:54.917950+00:00,2026-11-21 20:00:00+00:00,ned.1:2026-27,ned.1-2026-27-v1,2026-11-21,21:00,Groningen,Heerenveen,eredivisie:groningen,eredivisie:heerenveen,STATUS_SCHEDULED,109,64.08333333333333,5.0,1.8,2.2,0.3,0.1,14.761569097394165,14.50782581028334,143,63.135416666666664,5.0,1.6,1.4,0.2,0.5,16.770122886721303,15.413769906153108,5.0,5.0,64.08333333333333,63.135416666666664,2026-10-02T16:16:24.053605+00:00,0.3128171908034864,0.29355106323667973,0.39363174595983386,Away Win,Heerenveen,0.39363174595983386,91.3321840801581,0.08667815919841908,High Risk,No Clear Edge,No bet,Market odds unavailable; betting value cannot be established.,2026-10-02T16:16:30.367937+00:00
eredivisie:espn:401875539,401875539,espn,2026-10-02T11:54:54.917950+00:00,2026-11-21 20:00:00+00:00,ned.1:2026-27,ned.1-2026-27-v1,2026-11-21,21:00,Telstar,Zwolle,eredivisie:telstar,eredivisie:zwolle,STATUS_SCHEDULED,41,62.3125,2.0,0.4,1.6,-0.3,0.2,8.412736626159663,17.355947992992892,109,64.08333333333333,4.0,1.0,3.0,-1.6,0.2,10.191516321959897,19.052406300459094,2.0,4.0,62.3125,64.08333333333333,2026-10-02T16:16:24.053605+00:00,0.3560587514161629,0.3262956379888789,0.3176456105949582,Home Win,Telstar,0.3560587514161629,96.76042695397837,0.0323957304602164,Critical Risk,No Clear Edge,No bet,Market odds unavailable; betting value cannot be established.,2026-10-02T16:16:30.367937+00:00
eredivisie:espn:401875545,401875545,espn,2026-10-02T11:54:54.917950+00:00,2026-11-22 11:15:00+00:00,ned.1:2026-27,ned.1-2026-27-v1,2026-11-22,12:15,Twente,Willem II,eredivisie:twente,eredivisie:willem-ii,STATUS_SCHEDULED,143,62.947916666666664,13.0,2.4,1.0,0.8,0.3,20.50480423769801,10.738767267060915,41,63.677083333333336,2.0,0.8,2.4,-1.6,0.0,11.562948560125534,19.965778488438495,13.0,2.0,62.947916666666664,63.677083333333336,2026-10-02T16:16:24.053605+00:00,0.5260090523163411,0.298189340624994,0.1758016070586649,Home Win,Twente,0.5260090523163411,73.49318476580311,0.26506815234196895,Moderate Risk,No Clear Edge,No bet,Market odds unavailable; betting value cannot be established.,2026-10-02T16:16:30.367937+00:00
eredivisie:espn:401875547,401875547,espn,2026-10-02T11:54:54.917950+00:00,2026-11-22 13:30:00+00:00,ned.1:2026-27,ned.1-2026-27-v1,2026-11-22,14:30,Ajax,ADO Den Haag,eredivisie:ajax,eredivisie:ado-den-haag,STATUS_SCHEDULED,143,63.8125,10.0,3.4,1.4,1.1,0.3,23.661702066315954,10.077390204695734,0,,,,,,,,,10.0,,63.8125,,2026-10-02T16:16:24.053605+00:00,0.556912780152932,0.2821792752031803,0.16090794464388777,Home Win,Ajax,0.556912780152932,68.8357829227855,0.31164217077214507,Moderate Risk,Consider Home,No bet,Market odds unavailable; betting value cannot be established.,2026-10-02T16:16:30.367937+00:00
eredivisie:espn:401875540,401875540,espn,2026-10-02T11:54:54.917950+00:00,2026-11-22 13:30:00+00:00,ned.1:2026-27,ned.1-2026-27-v1,2026-11-22,14:30,Sparta Rotterdam,AZ Alkmaar,eredivisie:sparta-rotterdam,eredivisie:az-alkmaar,STATUS_SCHEDULED,143,63.864583333333336,2.0,1.4,3.0,-1.2,0.0,13.121181141561133,18.651311260944134,143,63.041666666666664,13.0,2.4,1.0,1.2,0.3,18.55323217729509,8.800060477413535,2.0,13.0,63.864583333333336,63.041666666666664,2026-10-02T16:16:24.053605+00:00,0.14739710662151936,0.25297860152162793,0.5996242918568527,Away Win,AZ Alkmaar,0.5996242918568527,62.12208112169161,0.3787791887830839,Moderate Risk,Consider Away,No bet,Market odds unavailable; betting value cannot be established.,2026-10-02T16:16:30.367937+00:00
eredivisie:espn:401875542,401875542,espn,2026-10-02T11:54:54.917950+00:00,2026-11-22 15:45:00+00:00,ned.1:2026-27,ned.1-2026-27-v1,2026-11-22,16:45,Go Ahead Eagles,For Sittard,eredivisie:go-ahead-eagles,eredivisie:for-sittard,STATUS_SCHEDULED,143,63.041666666666664,6.0,2.0,2.2,-0.2,0.0,14.28693712841775,17.69774565054086,143,63.864583333333336,9.0,1.6,2.2,-0.3,0.1,10.9854478744011,18.41850236860831,6.0,9.0,63.041666666666664,63.864583333333336,2026-10-02T16:16:24.053605+00:00,0.36451369354316926,0.3232691158644297,0.3122171905924011,Home Win,Go Ahead Eagles,0.36451369354316926,95.53917928906431,0.04460820710935696,Critical Risk,No Clear Edge,No bet,Market odds unavailable; betting value cannot be established.,2026-10-02T16:16:30.367937+00:00
eredivisie:espn:401875536,401875536,espn,2026-10-02T11:54:54.917950+00:00,2026-11-27 19:00:00+00:00,ned.1:2026-27,ned.1-2026-27-v1,2026-11-27,20:00,Groningen,Willem II,eredivisie:groningen,eredivisie:willem-ii,STATUS_SCHEDULED,109,70.04166666666667,5.0,1.8,2.2,0.3,0.1,14.761569097394165,14.50782581028334,41,69.0,2.0,0.8,2.4,-1.6,0.0,11.562948560125534,19.965778488438495,5.0,2.0,70.04166666666667,69.0,2026-10-02T16:16:24.053605+00:00,0.4269372265889712,0.3417833053043411,0.23127946810668767,Home Win,Groningen,0.4269372265889712,88.12144760899972,0.11878552391000287,High Risk,No Clear Edge,No bet,Market odds unavailable; betting value cannot be established.,2026-10-02T16:16:30.367937+00:00
eredivisie:espn:401875537,401875537,espn,2026-10-02T11:54:54.917950+00:00,2026-11-28 15:30:00+00:00,ned.1:2026-27,ned.1-2026-27-v1,2026-11-28,16:30,Excelsior,Telstar,eredivisie:excelsior,eredivisie:telstar,STATUS_SCHEDULED,109,69.89583333333333,8.0,2.0,1.4,0.8,0.2,11.186841000889183,16.582716811124882,41,69.125,2.0,0.4,1.6,-0.3,0.2,8.412736626159663,17.355947992992892,8.0,2.0,69.89583333333333,69.125,2026-10-02T16:16:24.053605+00:00,0.32399453323450883,0.352224806175163,0.3237806605903283,Draw,Draw,0.352224806175163,97.170463538503,0.02829536461496998,Critical Risk,No Clear Edge,No bet,Market odds unavailable; betting value cannot be established.,2026-10-02T16:16:30.367937+00:00
eredivisie:espn:401875531,401875531,espn,2026-10-02T11:54:54.917950+00:00,2026-11-28 17:45:00+00:00,ned.1:2026-27,ned.1-2026-27-v1,2026-11-28,18:45,PSV Eindhoven,Go Ahead Eagles,eredivisie:psv-eindhoven,eredivisie:go-ahead-eagles,STATUS_SCHEDULED,143,69.21875,12.0,4.0,1.4,2.1,0.0,19.257169828641036,12.105371585388857,143,69.125,6.0,2.0,2.2,-0.2,0.0,14.28693712841775,17.69774565054086,12.0,6.0,69.21875,69.125,2026-10-02T16:16:24.053605+00:00,0.5249384641288225,0.29733724957048496,0.17772428630069245,Home Win,PSV Eindhoven,0.5249384641288225,73.5994840098682,0.26400515990131795,Moderate Risk,No Clear Edge,No bet,Market odds unavailable; betting value cannot be established.,2026-10-02T16:16:30.367937+00:00
eredivisie:espn:401875530,401875530,espn,2026-10-02T11:54:54.917950+00:00,2026-11-28 20:00:00+00:00,ned.1:2026-27,ned.1-2026-27-v1,2026-11-28,21:00,Cambuur,Sparta Rotterdam,eredivisie:cambuur,eredivisie:sparta-rotterdam,STATUS_SCHEDULED,41,70.22916666666667,5.0,1.8,2.4,-1.0,0.2,11.664844967775286,15.16691502308681,143,70.13541666666667,2.0,1.4,3.0,-1.2,0.0,13.121181141561133,18.651311260944134,5.0,2.0,70.22916666666667,70.13541666666667,2026-10-02T16:16:24.053605+00:00,0.44335303922734814,0.24958112679804587,0.30706583397460596,Home Win,Cambuur,0.44335303922734814,84.62174490848265,0.15378255091517348,High Risk,No Clear Edge,No bet,Market odds unavailable; betting value cannot be established.,2026-10-02T16:16:30.367937+00:00
eredivisie:espn:401875538,401875538,espn,2026-10-02T11:54:54.917950+00:00,2026-11-29 11:15:00+00:00,ned.1:2026-27,ned.1-2026-27-v1,2026-11-29,12:15,ADO Den Haag,Utrecht,eredivisie:ado-den-haag,eredivisie:utrecht,STATUS_SCHEDULED,0,,,,,,,,,143,70.04166666666667,5.0,1.8,3.6,-0.8,0.2,11.791978387724374,17.170609972532958,,5.0,,70.04166666666667,2026-10-02T16:16:24.053605+00:00,0.421550757615142,0.26789829649095315,0.3105509458939048,Home Win,ADO Den Haag,0.421550757615142,87.60189471561254,0.12398105284387463,High Risk,No Clear Edge,No bet,Market odds unavailable; betting value cannot be established.,2026-10-02T16:16:30.367937+00:00
eredivisie:espn:401875535,401875535,espn,2026-10-02T11:54:54.917950+00:00,2026-11-29 13:30:00+00:00,ned.1:2026-27,ned.1-2026-27-v1,2026-11-29,14:30,Feyenoord,Ajax,eredivisie:feyenoord,eredivisie:ajax,STATUS_SCHEDULED,143,70.13541666666667,13.0,4.4,1.0,2.1,0.4,20.63663006740685,8.96488647808744,143,70.8125,10.0,3.4,1.4,1.1,0.3,23.661702066315954,10.077390204695734,13.0,10.0,70.13541666666667,70.8125,2026-10-02T16:16:24.053605+00:00,0.33890638011301516,0.27602535034158704,0.38506826954539775,Away Win,Ajax,0.38506826954539775,93.4700405854574,0.06529959414542598,Critical Risk,No Clear Edge,No bet,Market odds unavailable; betting value cannot be established.,2026-10-02T16:16:30.367937+00:00
eredivisie:espn:401875534,401875534,espn,2026-10-02T11:54:54.917950+00:00,2026-11-29 13:30:00+00:00,ned.1:2026-27,ned.1-2026-27-v1,2026-11-29,14:30,For Sittard,Heerenveen,eredivisie:for-sittard,eredivisie:heerenveen,STATUS_SCHEDULED,143,70.77083333333333,9.0,1.6,2.2,-0.3,0.1,10.9854478744011,18.41850236860831,143,70.86458333333333,5.0,1.6,1.4,0.2,0.5,16.770122886721303,15.413769906153108,9.0,5.0,70.77083333333333,70.86458333333333,2026-10-02T16:16:24.053605+00:00,0.22228863515181313,0.2675542071995968,0.51015715764859,Away Win,Heerenveen,0.51015715764859,74.36205711016814,0.25637942889831866,Moderate Risk,No Clear Edge,No bet,Market odds unavailable; betting value cannot be established.,2026-10-02T16:16:30.367937+00:00
eredivisie:espn:401875532,401875532,espn,2026-10-02T11:54:54.917950+00:00,2026-11-29 15:45:00+00:00,ned.1:2026-27,ned.1-2026-27-v1,2026-11-29,16:45,Zwolle,AZ Alkmaar,eredivisie:zwolle,eredivisie:az-alkmaar,STATUS_SCHEDULED,109,71.90625,4.0,1.0,3.0,-1.6,0.2,10.191516321959897,19.052406300459094,143,70.13541666666667,13.0,2.4,1.0,1.2,0.3,18.55323217729509,8.800060477413535,4.0,13.0,71.90625,70.13541666666667,2026-10-02T16:16:24.053605+00:00,0.12884876910968782,0.21991965419847886,0.6512315766918334,Away Win,AZ Alkmaar,0.6512315766918334,54.09708516100569,0.45902914838994313,Low Risk,Strong Away Lean,No bet,Market odds unavailable; betting value cannot be established.,2026-10-02T16:16:30.367937+00:00
eredivisie:espn:401875533,401875533,espn,2026-10-02T11:54:54.917950+00:00,2026-11-29 19:00:00+00:00,ned.1:2026-27,ned.1-2026-27-v1,2026-11-29,20:00,Nijmegen,Twente,eredivisie:nijmegen,eredivisie:twente,STATUS_SCHEDULED,143,70.17708333333333,5.0,1.4,2.0,-0.1,0.0,15.710950605694954,11.855538824361355,143,70.27083333333333,13.0,2.4,1.0,0.8,0.3,20.50480423769801,10.738767267060915,5.0,13.0,70.17708333333333,70.27083333333333,2026-10-02T16:16:24.053605+00:00,0.21304066102441999,0.3303306947958234,0.4566286441797567,Away Win,Twente,0.4566286441797567,83.80050838160744,0.16199491618392564,High Risk,No Clear Edge,No bet,Market odds unavailable; betting value cannot be established.,2026-10-02T16:16:30.367937+00:00
