feature,category,dtype,missing_rate,unique_values
Division,excluded,str,0.0,1
MatchDate,excluded,str,0.0,411
KickoffTime,excluded,str,0.0,11
HomeTeam,excluded,str,0.0,25
AwayTeam,excluded,str,0.0,25
FullTimeHomeGoals,excluded,int64,0.0,10
FullTimeAwayGoals,excluded,int64,0.0,9
FullTimeResult,excluded,str,0.0,3
HalfTimeHomeGoals,excluded,int64,0.0,6
HalfTimeAwayGoals,excluded,int64,0.0,6
HalfTimeResult,excluded,str,0.0,3
HomeShots,excluded,int64,0.0,40
AwayShots,excluded,int64,0.0,34
HomeShotsOnTarget,excluded,int64,0.0,21
AwayShotsOnTarget,excluded,int64,0.0,16
HomeFouls,excluded,int64,0.0,24
AwayFouls,excluded,int64,0.0,24
HomeCorners,excluded,int64,0.0,20
AwayCorners,excluded,int64,0.0,16
HomeYellowCards,excluded,int64,0.0,7
AwayYellowCards,excluded,int64,0.0,8
HomeRedCards,excluded,int64,0.0,3
AwayRedCards,excluded,int64,0.0,3
B365H,market,float64,0.0,106
B365D,market,float64,0.0,35
B365A,market,float64,0.0,102
BWH,market,float64,0.09168609168609168,144
BWD,market,float64,0.09168609168609168,48
BWA,market,float64,0.09168609168609168,149
IWH,market,float64,0.6503496503496503,98
IWD,market,float64,0.6503496503496503,50
IWA,market,float64,0.6503496503496503,110
PSH,market,float64,0.17637917637917638,422
PSD,market,float64,0.17637917637917638,387
PSA,market,float64,0.17637917637917638,584
WHH,market,float64,0.3442113442113442,106
WHD,market,float64,0.3442113442113442,36
WHA,market,float64,0.3442113442113442,103
VCH,market,float64,0.5252525252525253,106
VCD,market,float64,0.5252525252525253,38
VCA,market,float64,0.5252525252525253,103
MaxH,market,float64,0.0,301
MaxD,market,float64,0.0,184
MaxA,market,float64,0.0,342
AvgH,market,float64,0.0,435
AvgD,market,float64,0.0,385
AvgA,market,float64,0.0,646
B365>2.5,market,float64,0.0,53
B365<2.5,market,float64,0.0,47
P>2.5,market,float64,0.17637917637917638,110
P<2.5,market,float64,0.17637917637917638,226
Max>2.5,market,float64,0.0,112
Max<2.5,market,float64,0.0,169
Avg>2.5,market,float64,0.0,108
Avg<2.5,market,float64,0.0,226
AHh,market,float64,0.000777000777000777,26
B365AHH,market,float64,0.001554001554001554,39
B365AHA,market,float64,0.001554001554001554,39
PAHH,market,float64,0.17637917637917638,43
PAHA,market,float64,0.17637917637917638,43
MaxAHH,market,float64,0.0,43
MaxAHA,market,float64,0.0,47
AvgAHH,market,float64,0.0,40
AvgAHA,market,float64,0.000777000777000777,48
B365CH,market,object,0.0,204
B365CD,market,float64,0.0,38
B365CA,market,float64,0.0,101
BWCH,market,float64,0.09246309246309246,149
BWCD,market,float64,0.09246309246309246,53
BWCA,market,float64,0.09246309246309246,154
IWCH,market,float64,0.6503496503496503,109
IWCD,market,float64,0.6503496503496503,52
IWCA,market,float64,0.6503496503496503,113
PSCH,market,float64,0.17637917637917638,422
PSCD,market,float64,0.17637917637917638,390
PSCA,market,float64,0.17637917637917638,603
WHCH,market,float64,0.3442113442113442,108
WHCD,market,float64,0.3442113442113442,38
WHCA,market,float64,0.3442113442113442,106
VCCH,market,float64,0.5244755244755245,105
VCCD,market,float64,0.5244755244755245,42
VCCA,market,float64,0.5244755244755245,105
MaxCH,market,float64,0.0,378
MaxCD,market,float64,0.0,296
MaxCA,market,float64,0.0,443
AvgCH,market,float64,0.0,443
AvgCD,market,float64,0.0,399
AvgCA,market,float64,0.0,653
B365C>2.5,market,float64,0.0,54
B365C<2.5,market,float64,0.0,50
PC>2.5,market,float64,0.17637917637917638,127
PC<2.5,market,float64,0.17637917637917638,239
MaxC>2.5,market,float64,0.0,126
MaxC<2.5,market,float64,0.0,203
AvgC>2.5,market,float64,0.0,121
AvgC<2.5,market,float64,0.0,255
AHCh,market,float64,0.0,26
B365CAHH,market,float64,0.0,43
B365CAHA,market,float64,0.0,44
PCAHH,market,float64,0.17715617715617715,55
PCAHA,market,float64,0.17715617715617715,56
MaxCAHH,market,float64,0.0,47
MaxCAHA,market,float64,0.0,56
AvgCAHH,market,float64,0.0,44
AvgCAHA,market,float64,0.0,46
League,no_odds,str,0.0,1
BFH,market,float64,0.7622377622377622,85
BFD,market,float64,0.7622377622377622,35
BFA,market,float64,0.7622377622377622,87
1XBH,market,float64,0.7692307692307693,187
1XBD,market,float64,0.7692307692307693,103
1XBA,market,float64,0.7692307692307693,217
BFEH,market,float64,0.48951048951048953,201
BFED,market,float64,0.48951048951048953,74
BFEA,market,float64,0.48951048951048953,204
BFE>2.5,market,float64,0.5011655011655012,97
BFE<2.5,market,float64,0.5011655011655012,120
BFEAHH,market,float64,0.6526806526806527,51
BFEAHA,market,float64,0.6526806526806527,49
BFCH,market,float64,0.7622377622377622,87
BFCD,market,float64,0.7622377622377622,38
BFCA,market,float64,0.7622377622377622,88
1XBCH,market,float64,0.7622377622377622,200
1XBCD,market,float64,0.7622377622377622,166
1XBCA,market,float64,0.7622377622377622,249
BFECH,market,float64,0.4902874902874903,198
BFECD,market,float64,0.4902874902874903,69
BFECA,market,float64,0.4902874902874903,197
BFEC>2.5,market,float64,0.4902874902874903,100
BFEC<2.5,market,float64,0.4902874902874903,114
BFECAHH,market,float64,0.49106449106449107,45
BFECAHA,market,float64,0.49106449106449107,44
BFDH,market,float64,0.7132867132867133,70
BFDD,market,float64,0.7132867132867133,23
BFDA,market,float64,0.7132867132867133,66
BMGMH,market,float64,0.763014763014763,133
BMGMD,market,float64,0.763014763014763,50
BMGMA,market,float64,0.763014763014763,130
BVH,market,float64,0.7249417249417249,86
BVD,market,float64,0.7249417249417249,29
BVA,market,float64,0.7249417249417249,87
CLH,market,float64,0.8267288267288267,75
CLD,market,float64,0.8267288267288267,29
CLA,market,float64,0.8267288267288267,72
LBH,market,float64,0.8236208236208237,77
LBD,market,float64,0.8236208236208237,28
LBA,market,float64,0.8236208236208237,71
BFDCH,market,float64,0.7187257187257188,70
BFDCD,market,float64,0.7187257187257188,23
BFDCA,market,float64,0.7187257187257188,66
BMGMCH,market,float64,0.7622377622377622,150
BMGMCD,market,float64,0.7622377622377622,48
BMGMCA,market,float64,0.7622377622377622,130
BVCH,market,float64,0.7187257187257188,88
BVCD,market,float64,0.7187257187257188,33
BVCA,market,float64,0.7187257187257188,90
CLCH,market,float64,0.8391608391608392,74
CLCD,market,float64,0.8391608391608392,28
CLCA,market,float64,0.8391608391608392,72
LBCH,market,float64,0.8236208236208237,76
LBCD,market,float64,0.8236208236208237,30
LBCA,market,float64,0.8236208236208237,75
HxG,excluded,float64,0.951048951048951,55
AxG,excluded,float64,0.951048951048951,61
PPH,no_odds,float64,0.951048951048951,43
PPD,no_odds,float64,0.951048951048951,18
PPA,no_odds,float64,0.951048951048951,39
SKBH,no_odds,float64,0.951048951048951,44
SKBD,no_odds,float64,0.951048951048951,22
SKBA,no_odds,float64,0.951048951048951,47
PPCH,no_odds,float64,0.951048951048951,45
PPCD,no_odds,float64,0.951048951048951,19
PPCA,no_odds,float64,0.951048951048951,46
SKBCH,no_odds,float64,0.951048951048951,46
SKBCD,no_odds,float64,0.951048951048951,21
SKBCA,no_odds,float64,0.951048951048951,43
home_team_id,excluded,str,0.0,25
home_display_name,excluded,str,0.0,25
away_team_id,excluded,str,0.0,25
away_display_name,excluded,str,0.0,25
fixture_id,excluded,str,0.0,1287
league_key,excluded,str,0.0,1
edition_id,excluded,str,0.0,5
rules_version,excluded,str,0.0,5
kickoff_utc,excluded,str,0.0,1048
kickoff_precision,excluded,str,0.0,1
kickoff_lower_bound_utc,excluded,str,0.0,1048
source_clock_timezone,no_odds,str,0.0,1
status,no_odds,str,0.0,1
home_history_n,no_odds,int64,0.0,143
home_rest_days,no_odds,float64,0.008547008547008548,233
home_points_l5,no_odds,float64,0.008547008547008548,15
home_goals_for_l5,no_odds,float64,0.008547008547008548,33
home_goals_against_l5,no_odds,float64,0.008547008547008548,32
home_goal_diff_l10,no_odds,float64,0.008547008547008548,97
home_clean_sheet_l10,no_odds,float64,0.008547008547008548,25
home_shots_for_ewm10,no_odds,float64,0.008547008547008548,1270
home_shots_against_ewm10,no_odds,float64,0.008547008547008548,1272
away_history_n,no_odds,int64,0.0,143
away_rest_days,no_odds,float64,0.010878010878010878,239
away_points_l5,no_odds,float64,0.010878010878010878,15
away_goals_for_l5,no_odds,float64,0.010878010878010878,36
away_goals_against_l5,no_odds,float64,0.010878010878010878,36
away_goal_diff_l10,no_odds,float64,0.010878010878010878,97
away_clean_sheet_l10,no_odds,float64,0.010878010878010878,25
away_shots_for_ewm10,no_odds,float64,0.010878010878010878,1270
away_shots_against_ewm10,no_odds,float64,0.010878010878010878,1270
as_of,excluded,str,0.0,1048
home_xg_for_previous,no_odds,float64,1.0,0
home_xg_for_l5,no_odds,float64,1.0,0
home_xg_for_l10,no_odds,float64,1.0,0
home_xg_for_ewm5,no_odds,float64,1.0,0
home_xg_for_ewm10,no_odds,float64,1.0,0
home_xg_for_coverage_l10,no_odds,float64,1.0,0
home_xg_against_previous,no_odds,float64,1.0,0
home_xg_against_l5,no_odds,float64,1.0,0
home_xg_against_l10,no_odds,float64,1.0,0
home_xg_against_ewm5,no_odds,float64,1.0,0
home_xg_against_ewm10,no_odds,float64,1.0,0
home_xg_against_coverage_l10,no_odds,float64,1.0,0
away_xg_for_previous,no_odds,float64,1.0,0
away_xg_for_l5,no_odds,float64,1.0,0
away_xg_for_l10,no_odds,float64,1.0,0
away_xg_for_ewm5,no_odds,float64,1.0,0
away_xg_for_ewm10,no_odds,float64,1.0,0
away_xg_for_coverage_l10,no_odds,float64,1.0,0
away_xg_against_previous,no_odds,float64,1.0,0
away_xg_against_l5,no_odds,float64,1.0,0
away_xg_against_l10,no_odds,float64,1.0,0
away_xg_against_ewm5,no_odds,float64,1.0,0
away_xg_against_ewm10,no_odds,float64,1.0,0
away_xg_against_coverage_l10,no_odds,float64,1.0,0
home_finishing_vs_expectation_previous,no_odds,float64,1.0,0
home_finishing_vs_expectation_l5,no_odds,float64,1.0,0
home_finishing_vs_expectation_l10,no_odds,float64,1.0,0
home_finishing_vs_expectation_ewm5,no_odds,float64,1.0,0
home_finishing_vs_expectation_ewm10,no_odds,float64,1.0,0
home_finishing_vs_expectation_coverage_l10,no_odds,float64,1.0,0
away_finishing_vs_expectation_previous,no_odds,float64,1.0,0
away_finishing_vs_expectation_l5,no_odds,float64,1.0,0
away_finishing_vs_expectation_l10,no_odds,float64,1.0,0
away_finishing_vs_expectation_ewm5,no_odds,float64,1.0,0
away_finishing_vs_expectation_ewm10,no_odds,float64,1.0,0
away_finishing_vs_expectation_coverage_l10,no_odds,float64,1.0,0
home_xgot_for_previous,no_odds,float64,1.0,0
home_xgot_for_l5,no_odds,float64,1.0,0
home_xgot_for_l10,no_odds,float64,1.0,0
home_xgot_for_ewm5,no_odds,float64,1.0,0
home_xgot_for_ewm10,no_odds,float64,1.0,0
home_xgot_for_coverage_l10,no_odds,float64,1.0,0
home_xgot_against_previous,no_odds,float64,1.0,0
home_xgot_against_l5,no_odds,float64,1.0,0
home_xgot_against_l10,no_odds,float64,1.0,0
home_xgot_against_ewm5,no_odds,float64,1.0,0
home_xgot_against_ewm10,no_odds,float64,1.0,0
home_xgot_against_coverage_l10,no_odds,float64,1.0,0
away_xgot_for_previous,no_odds,float64,1.0,0
away_xgot_for_l5,no_odds,float64,1.0,0
away_xgot_for_l10,no_odds,float64,1.0,0
away_xgot_for_ewm5,no_odds,float64,1.0,0
away_xgot_for_ewm10,no_odds,float64,1.0,0
away_xgot_for_coverage_l10,no_odds,float64,1.0,0
away_xgot_against_previous,no_odds,float64,1.0,0
away_xgot_against_l5,no_odds,float64,1.0,0
away_xgot_against_l10,no_odds,float64,1.0,0
away_xgot_against_ewm5,no_odds,float64,1.0,0
away_xgot_against_ewm10,no_odds,float64,1.0,0
away_xgot_against_coverage_l10,no_odds,float64,1.0,0
home_shots_previous,no_odds,float64,1.0,0
home_shots_l5,no_odds,float64,1.0,0
home_shots_l10,no_odds,float64,1.0,0
home_shots_ewm5,no_odds,float64,1.0,0
home_shots_ewm10,no_odds,float64,1.0,0
home_shots_coverage_l10,no_odds,float64,1.0,0
away_shots_previous,no_odds,float64,1.0,0
away_shots_l5,no_odds,float64,1.0,0
away_shots_l10,no_odds,float64,1.0,0
away_shots_ewm5,no_odds,float64,1.0,0
away_shots_ewm10,no_odds,float64,1.0,0
away_shots_coverage_l10,no_odds,float64,1.0,0
home_shots_on_target_previous,no_odds,float64,1.0,0
home_shots_on_target_l5,no_odds,float64,1.0,0
home_shots_on_target_l10,no_odds,float64,1.0,0
home_shots_on_target_ewm5,no_odds,float64,1.0,0
home_shots_on_target_ewm10,no_odds,float64,1.0,0
home_shots_on_target_coverage_l10,no_odds,float64,1.0,0
away_shots_on_target_previous,no_odds,float64,1.0,0
away_shots_on_target_l5,no_odds,float64,1.0,0
away_shots_on_target_l10,no_odds,float64,1.0,0
away_shots_on_target_ewm5,no_odds,float64,1.0,0
away_shots_on_target_ewm10,no_odds,float64,1.0,0
away_shots_on_target_coverage_l10,no_odds,float64,1.0,0
home_xg_per_shot_previous,no_odds,float64,1.0,0
home_xg_per_shot_l5,no_odds,float64,1.0,0
home_xg_per_shot_l10,no_odds,float64,1.0,0
home_xg_per_shot_ewm5,no_odds,float64,1.0,0
home_xg_per_shot_ewm10,no_odds,float64,1.0,0
home_xg_per_shot_coverage_l10,no_odds,float64,1.0,0
away_xg_per_shot_previous,no_odds,float64,1.0,0
away_xg_per_shot_l5,no_odds,float64,1.0,0
away_xg_per_shot_l10,no_odds,float64,1.0,0
away_xg_per_shot_ewm5,no_odds,float64,1.0,0
away_xg_per_shot_ewm10,no_odds,float64,1.0,0
away_xg_per_shot_coverage_l10,no_odds,float64,1.0,0
home_xgot_minus_xg_previous,no_odds,float64,1.0,0
home_xgot_minus_xg_l5,no_odds,float64,1.0,0
home_xgot_minus_xg_l10,no_odds,float64,1.0,0
home_xgot_minus_xg_ewm5,no_odds,float64,1.0,0
home_xgot_minus_xg_ewm10,no_odds,float64,1.0,0
home_xgot_minus_xg_coverage_l10,no_odds,float64,1.0,0
away_xgot_minus_xg_previous,no_odds,float64,1.0,0
away_xgot_minus_xg_l5,no_odds,float64,1.0,0
away_xgot_minus_xg_l10,no_odds,float64,1.0,0
away_xgot_minus_xg_ewm5,no_odds,float64,1.0,0
away_xgot_minus_xg_ewm10,no_odds,float64,1.0,0
away_xgot_minus_xg_coverage_l10,no_odds,float64,1.0,0
home_inside_box_share_previous,no_odds,float64,1.0,0
home_inside_box_share_l5,no_odds,float64,1.0,0
home_inside_box_share_l10,no_odds,float64,1.0,0
home_inside_box_share_ewm5,no_odds,float64,1.0,0
home_inside_box_share_ewm10,no_odds,float64,1.0,0
home_inside_box_share_coverage_l10,no_odds,float64,1.0,0
away_inside_box_share_previous,no_odds,float64,1.0,0
away_inside_box_share_l5,no_odds,float64,1.0,0
away_inside_box_share_l10,no_odds,float64,1.0,0
away_inside_box_share_ewm5,no_odds,float64,1.0,0
away_inside_box_share_ewm10,no_odds,float64,1.0,0
away_inside_box_share_coverage_l10,no_odds,float64,1.0,0
home_set_piece_xg_share_previous,no_odds,float64,1.0,0
home_set_piece_xg_share_l5,no_odds,float64,1.0,0
home_set_piece_xg_share_l10,no_odds,float64,1.0,0
home_set_piece_xg_share_ewm5,no_odds,float64,1.0,0
home_set_piece_xg_share_ewm10,no_odds,float64,1.0,0
home_set_piece_xg_share_coverage_l10,no_odds,float64,1.0,0
away_set_piece_xg_share_previous,no_odds,float64,1.0,0
away_set_piece_xg_share_l5,no_odds,float64,1.0,0
away_set_piece_xg_share_l10,no_odds,float64,1.0,0
away_set_piece_xg_share_ewm5,no_odds,float64,1.0,0
away_set_piece_xg_share_ewm10,no_odds,float64,1.0,0
away_set_piece_xg_share_coverage_l10,no_odds,float64,1.0,0
home_open_play_xg_share_previous,no_odds,float64,1.0,0
home_open_play_xg_share_l5,no_odds,float64,1.0,0
home_open_play_xg_share_l10,no_odds,float64,1.0,0
home_open_play_xg_share_ewm5,no_odds,float64,1.0,0
home_open_play_xg_share_ewm10,no_odds,float64,1.0,0
home_open_play_xg_share_coverage_l10,no_odds,float64,1.0,0
away_open_play_xg_share_previous,no_odds,float64,1.0,0
away_open_play_xg_share_l5,no_odds,float64,1.0,0
away_open_play_xg_share_l10,no_odds,float64,1.0,0
away_open_play_xg_share_ewm5,no_odds,float64,1.0,0
away_open_play_xg_share_ewm10,no_odds,float64,1.0,0
away_open_play_xg_share_coverage_l10,no_odds,float64,1.0,0
home_blocked_rate_previous,no_odds,float64,1.0,0
home_blocked_rate_l5,no_odds,float64,1.0,0
home_blocked_rate_l10,no_odds,float64,1.0,0
home_blocked_rate_ewm5,no_odds,float64,1.0,0
home_blocked_rate_ewm10,no_odds,float64,1.0,0
home_blocked_rate_coverage_l10,no_odds,float64,1.0,0
away_blocked_rate_previous,no_odds,float64,1.0,0
away_blocked_rate_l5,no_odds,float64,1.0,0
away_blocked_rate_l10,no_odds,float64,1.0,0
away_blocked_rate_ewm5,no_odds,float64,1.0,0
away_blocked_rate_ewm10,no_odds,float64,1.0,0
away_blocked_rate_coverage_l10,no_odds,float64,1.0,0
home_header_share_previous,no_odds,float64,1.0,0
home_header_share_l5,no_odds,float64,1.0,0
home_header_share_l10,no_odds,float64,1.0,0
home_header_share_ewm5,no_odds,float64,1.0,0
home_header_share_ewm10,no_odds,float64,1.0,0
home_header_share_coverage_l10,no_odds,float64,1.0,0
away_header_share_previous,no_odds,float64,1.0,0
away_header_share_l5,no_odds,float64,1.0,0
away_header_share_l10,no_odds,float64,1.0,0
away_header_share_ewm5,no_odds,float64,1.0,0
away_header_share_ewm10,no_odds,float64,1.0,0
away_header_share_coverage_l10,no_odds,float64,1.0,0
home_chance_concentration_previous,no_odds,float64,1.0,0
home_chance_concentration_l5,no_odds,float64,1.0,0
home_chance_concentration_l10,no_odds,float64,1.0,0
home_chance_concentration_ewm5,no_odds,float64,1.0,0
home_chance_concentration_ewm10,no_odds,float64,1.0,0
home_chance_concentration_coverage_l10,no_odds,float64,1.0,0
away_chance_concentration_previous,no_odds,float64,1.0,0
away_chance_concentration_l5,no_odds,float64,1.0,0
away_chance_concentration_l10,no_odds,float64,1.0,0
away_chance_concentration_ewm5,no_odds,float64,1.0,0
away_chance_concentration_ewm10,no_odds,float64,1.0,0
away_chance_concentration_coverage_l10,no_odds,float64,1.0,0
home_xt_for_previous,no_odds,float64,1.0,0
home_xt_for_l5,no_odds,float64,1.0,0
home_xt_for_l10,no_odds,float64,1.0,0
home_xt_for_ewm5,no_odds,float64,1.0,0
home_xt_for_ewm10,no_odds,float64,1.0,0
home_xt_for_coverage_l10,no_odds,float64,1.0,0
home_xt_against_previous,no_odds,float64,1.0,0
home_xt_against_l5,no_odds,float64,1.0,0
home_xt_against_l10,no_odds,float64,1.0,0
home_xt_against_ewm5,no_odds,float64,1.0,0
home_xt_against_ewm10,no_odds,float64,1.0,0
home_xt_against_coverage_l10,no_odds,float64,1.0,0
away_xt_for_previous,no_odds,float64,1.0,0
away_xt_for_l5,no_odds,float64,1.0,0
away_xt_for_l10,no_odds,float64,1.0,0
away_xt_for_ewm5,no_odds,float64,1.0,0
away_xt_for_ewm10,no_odds,float64,1.0,0
away_xt_for_coverage_l10,no_odds,float64,1.0,0
away_xt_against_previous,no_odds,float64,1.0,0
away_xt_against_l5,no_odds,float64,1.0,0
away_xt_against_l10,no_odds,float64,1.0,0
away_xt_against_ewm5,no_odds,float64,1.0,0
away_xt_against_ewm10,no_odds,float64,1.0,0
away_xt_against_coverage_l10,no_odds,float64,1.0,0
home_vaep_total_previous,no_odds,float64,1.0,0
home_vaep_total_l5,no_odds,float64,1.0,0
home_vaep_total_l10,no_odds,float64,1.0,0
home_vaep_total_ewm5,no_odds,float64,1.0,0
home_vaep_total_ewm10,no_odds,float64,1.0,0
home_vaep_total_coverage_l10,no_odds,float64,1.0,0
away_vaep_total_previous,no_odds,float64,1.0,0
away_vaep_total_l5,no_odds,float64,1.0,0
away_vaep_total_l10,no_odds,float64,1.0,0
away_vaep_total_ewm5,no_odds,float64,1.0,0
away_vaep_total_ewm10,no_odds,float64,1.0,0
away_vaep_total_coverage_l10,no_odds,float64,1.0,0
home_vaep_offensive_previous,no_odds,float64,1.0,0
home_vaep_offensive_l5,no_odds,float64,1.0,0
home_vaep_offensive_l10,no_odds,float64,1.0,0
home_vaep_offensive_ewm5,no_odds,float64,1.0,0
home_vaep_offensive_ewm10,no_odds,float64,1.0,0
home_vaep_offensive_coverage_l10,no_odds,float64,1.0,0
away_vaep_offensive_previous,no_odds,float64,1.0,0
away_vaep_offensive_l5,no_odds,float64,1.0,0
away_vaep_offensive_l10,no_odds,float64,1.0,0
away_vaep_offensive_ewm5,no_odds,float64,1.0,0
away_vaep_offensive_ewm10,no_odds,float64,1.0,0
away_vaep_offensive_coverage_l10,no_odds,float64,1.0,0
home_vaep_defensive_previous,no_odds,float64,1.0,0
home_vaep_defensive_l5,no_odds,float64,1.0,0
home_vaep_defensive_l10,no_odds,float64,1.0,0
home_vaep_defensive_ewm5,no_odds,float64,1.0,0
home_vaep_defensive_ewm10,no_odds,float64,1.0,0
home_vaep_defensive_coverage_l10,no_odds,float64,1.0,0
away_vaep_defensive_previous,no_odds,float64,1.0,0
away_vaep_defensive_l5,no_odds,float64,1.0,0
away_vaep_defensive_l10,no_odds,float64,1.0,0
away_vaep_defensive_ewm5,no_odds,float64,1.0,0
away_vaep_defensive_ewm10,no_odds,float64,1.0,0
away_vaep_defensive_coverage_l10,no_odds,float64,1.0,0
home_ppda_previous,no_odds,float64,1.0,0
home_ppda_l5,no_odds,float64,1.0,0
home_ppda_l10,no_odds,float64,1.0,0
home_ppda_ewm5,no_odds,float64,1.0,0
home_ppda_ewm10,no_odds,float64,1.0,0
home_ppda_coverage_l10,no_odds,float64,1.0,0
away_ppda_previous,no_odds,float64,1.0,0
away_ppda_l5,no_odds,float64,1.0,0
away_ppda_l10,no_odds,float64,1.0,0
away_ppda_ewm5,no_odds,float64,1.0,0
away_ppda_ewm10,no_odds,float64,1.0,0
away_ppda_coverage_l10,no_odds,float64,1.0,0
home_field_tilt_previous,no_odds,float64,1.0,0
home_field_tilt_l5,no_odds,float64,1.0,0
home_field_tilt_l10,no_odds,float64,1.0,0
home_field_tilt_ewm5,no_odds,float64,1.0,0
home_field_tilt_ewm10,no_odds,float64,1.0,0
home_field_tilt_coverage_l10,no_odds,float64,1.0,0
away_field_tilt_previous,no_odds,float64,1.0,0
away_field_tilt_l5,no_odds,float64,1.0,0
away_field_tilt_l10,no_odds,float64,1.0,0
away_field_tilt_ewm5,no_odds,float64,1.0,0
away_field_tilt_ewm10,no_odds,float64,1.0,0
away_field_tilt_coverage_l10,no_odds,float64,1.0,0
home_high_turnovers_previous,no_odds,float64,1.0,0
home_high_turnovers_l5,no_odds,float64,1.0,0
home_high_turnovers_l10,no_odds,float64,1.0,0
home_high_turnovers_ewm5,no_odds,float64,1.0,0
home_high_turnovers_ewm10,no_odds,float64,1.0,0
home_high_turnovers_coverage_l10,no_odds,float64,1.0,0
away_high_turnovers_previous,no_odds,float64,1.0,0
away_high_turnovers_l5,no_odds,float64,1.0,0
away_high_turnovers_l10,no_odds,float64,1.0,0
away_high_turnovers_ewm5,no_odds,float64,1.0,0
away_high_turnovers_ewm10,no_odds,float64,1.0,0
away_high_turnovers_coverage_l10,no_odds,float64,1.0,0
home_counterpress_regains_5s_previous,no_odds,float64,1.0,0
home_counterpress_regains_5s_l5,no_odds,float64,1.0,0
home_counterpress_regains_5s_l10,no_odds,float64,1.0,0
home_counterpress_regains_5s_ewm5,no_odds,float64,1.0,0
home_counterpress_regains_5s_ewm10,no_odds,float64,1.0,0
home_counterpress_regains_5s_coverage_l10,no_odds,float64,1.0,0
away_counterpress_regains_5s_previous,no_odds,float64,1.0,0
away_counterpress_regains_5s_l5,no_odds,float64,1.0,0
away_counterpress_regains_5s_l10,no_odds,float64,1.0,0
away_counterpress_regains_5s_ewm5,no_odds,float64,1.0,0
away_counterpress_regains_5s_ewm10,no_odds,float64,1.0,0
away_counterpress_regains_5s_coverage_l10,no_odds,float64,1.0,0
home_avg_defensive_action_x_previous,no_odds,float64,1.0,0
home_avg_defensive_action_x_l5,no_odds,float64,1.0,0
home_avg_defensive_action_x_l10,no_odds,float64,1.0,0
home_avg_defensive_action_x_ewm5,no_odds,float64,1.0,0
home_avg_defensive_action_x_ewm10,no_odds,float64,1.0,0
home_avg_defensive_action_x_coverage_l10,no_odds,float64,1.0,0
away_avg_defensive_action_x_previous,no_odds,float64,1.0,0
away_avg_defensive_action_x_l5,no_odds,float64,1.0,0
away_avg_defensive_action_x_l10,no_odds,float64,1.0,0
away_avg_defensive_action_x_ewm5,no_odds,float64,1.0,0
away_avg_defensive_action_x_ewm10,no_odds,float64,1.0,0
away_avg_defensive_action_x_coverage_l10,no_odds,float64,1.0,0
home_ball_recovery_time_previous,no_odds,float64,1.0,0
home_ball_recovery_time_l5,no_odds,float64,1.0,0
home_ball_recovery_time_l10,no_odds,float64,1.0,0
home_ball_recovery_time_ewm5,no_odds,float64,1.0,0
home_ball_recovery_time_ewm10,no_odds,float64,1.0,0
home_ball_recovery_time_coverage_l10,no_odds,float64,1.0,0
away_ball_recovery_time_previous,no_odds,float64,1.0,0
away_ball_recovery_time_l5,no_odds,float64,1.0,0
away_ball_recovery_time_l10,no_odds,float64,1.0,0
away_ball_recovery_time_ewm5,no_odds,float64,1.0,0
away_ball_recovery_time_ewm10,no_odds,float64,1.0,0
away_ball_recovery_time_coverage_l10,no_odds,float64,1.0,0
home_box_entries_previous,no_odds,float64,1.0,0
home_box_entries_l5,no_odds,float64,1.0,0
home_box_entries_l10,no_odds,float64,1.0,0
home_box_entries_ewm5,no_odds,float64,1.0,0
home_box_entries_ewm10,no_odds,float64,1.0,0
home_box_entries_coverage_l10,no_odds,float64,1.0,0
away_box_entries_previous,no_odds,float64,1.0,0
away_box_entries_l5,no_odds,float64,1.0,0
away_box_entries_l10,no_odds,float64,1.0,0
away_box_entries_ewm5,no_odds,float64,1.0,0
away_box_entries_ewm10,no_odds,float64,1.0,0
away_box_entries_coverage_l10,no_odds,float64,1.0,0
home_progressive_passes_previous,no_odds,float64,1.0,0
home_progressive_passes_l5,no_odds,float64,1.0,0
home_progressive_passes_l10,no_odds,float64,1.0,0
home_progressive_passes_ewm5,no_odds,float64,1.0,0
home_progressive_passes_ewm10,no_odds,float64,1.0,0
home_progressive_passes_coverage_l10,no_odds,float64,1.0,0
away_progressive_passes_previous,no_odds,float64,1.0,0
away_progressive_passes_l5,no_odds,float64,1.0,0
away_progressive_passes_l10,no_odds,float64,1.0,0
away_progressive_passes_ewm5,no_odds,float64,1.0,0
away_progressive_passes_ewm10,no_odds,float64,1.0,0
away_progressive_passes_coverage_l10,no_odds,float64,1.0,0
home_progressive_carries_previous,no_odds,float64,1.0,0
home_progressive_carries_l5,no_odds,float64,1.0,0
home_progressive_carries_l10,no_odds,float64,1.0,0
home_progressive_carries_ewm5,no_odds,float64,1.0,0
home_progressive_carries_ewm10,no_odds,float64,1.0,0
home_progressive_carries_coverage_l10,no_odds,float64,1.0,0
away_progressive_carries_previous,no_odds,float64,1.0,0
away_progressive_carries_l5,no_odds,float64,1.0,0
away_progressive_carries_l10,no_odds,float64,1.0,0
away_progressive_carries_ewm5,no_odds,float64,1.0,0
away_progressive_carries_ewm10,no_odds,float64,1.0,0
away_progressive_carries_coverage_l10,no_odds,float64,1.0,0
home_direct_speed_previous,no_odds,float64,1.0,0
home_direct_speed_l5,no_odds,float64,1.0,0
home_direct_speed_l10,no_odds,float64,1.0,0
home_direct_speed_ewm5,no_odds,float64,1.0,0
home_direct_speed_ewm10,no_odds,float64,1.0,0
home_direct_speed_coverage_l10,no_odds,float64,1.0,0
away_direct_speed_previous,no_odds,float64,1.0,0
away_direct_speed_l5,no_odds,float64,1.0,0
away_direct_speed_l10,no_odds,float64,1.0,0
away_direct_speed_ewm5,no_odds,float64,1.0,0
away_direct_speed_ewm10,no_odds,float64,1.0,0
away_direct_speed_coverage_l10,no_odds,float64,1.0,0
home_passes_per_sequence_previous,no_odds,float64,1.0,0
home_passes_per_sequence_l5,no_odds,float64,1.0,0
home_passes_per_sequence_l10,no_odds,float64,1.0,0
home_passes_per_sequence_ewm5,no_odds,float64,1.0,0
home_passes_per_sequence_ewm10,no_odds,float64,1.0,0
home_passes_per_sequence_coverage_l10,no_odds,float64,1.0,0
away_passes_per_sequence_previous,no_odds,float64,1.0,0
away_passes_per_sequence_l5,no_odds,float64,1.0,0
away_passes_per_sequence_l10,no_odds,float64,1.0,0
away_passes_per_sequence_ewm5,no_odds,float64,1.0,0
away_passes_per_sequence_ewm10,no_odds,float64,1.0,0
away_passes_per_sequence_coverage_l10,no_odds,float64,1.0,0
home_team_player_attack,no_odds,float64,1.0,0
home_team_player_defense,no_odds,float64,1.0,0
home_team_player_coverage,no_odds,float64,0.0,1
home_lineup_attack_delta,no_odds,float64,1.0,0
home_lineup_defense_delta,no_odds,float64,1.0,0
home_lineup_coverage,no_odds,float64,0.0,1
home_lineup_continuity,no_odds,float64,1.0,0
home_lineup_missing_starter_value,no_odds,float64,1.0,0
home_lineup_bench_attack,no_odds,float64,1.0,0
home_lineup_bench_defense,no_odds,float64,1.0,0
home_lineup_is_confirmed,no_odds,float64,0.0,1
home_confirmed_lineup_attack_delta,no_odds,float64,1.0,0
home_confirmed_lineup_defense_delta,no_odds,float64,1.0,0
home_confirmed_lineup_coverage,no_odds,float64,1.0,0
home_keeper_strength,no_odds,float64,1.0,0
home_keeper_effective_minutes,no_odds,float64,1.0,0
home_keeper_shots_on_target_faced,no_odds,float64,1.0,0
home_keeper_start_probability,no_odds,float64,1.0,0
home_keeper_claim_rate,excluded,float64,1.0,0
home_keeper_distribution_accuracy,excluded,float64,1.0,0
home_keeper_vaep_defensive,no_odds,float64,1.0,0
home_keeper_sweeper_actions,excluded,float64,1.0,0
away_team_player_attack,no_odds,float64,1.0,0
away_team_player_defense,no_odds,float64,1.0,0
away_team_player_coverage,no_odds,float64,0.0,1
away_lineup_attack_delta,no_odds,float64,1.0,0
away_lineup_defense_delta,no_odds,float64,1.0,0
away_lineup_coverage,no_odds,float64,0.0,1
away_lineup_continuity,no_odds,float64,1.0,0
away_lineup_missing_starter_value,no_odds,float64,1.0,0
away_lineup_bench_attack,no_odds,float64,1.0,0
away_lineup_bench_defense,no_odds,float64,1.0,0
away_lineup_is_confirmed,no_odds,float64,0.0,1
away_confirmed_lineup_attack_delta,no_odds,float64,1.0,0
away_confirmed_lineup_defense_delta,no_odds,float64,1.0,0
away_confirmed_lineup_coverage,no_odds,float64,1.0,0
away_keeper_strength,no_odds,float64,1.0,0
away_keeper_effective_minutes,no_odds,float64,1.0,0
away_keeper_shots_on_target_faced,no_odds,float64,1.0,0
away_keeper_start_probability,no_odds,float64,1.0,0
away_keeper_claim_rate,excluded,float64,1.0,0
away_keeper_distribution_accuracy,excluded,float64,1.0,0
away_keeper_vaep_defensive,no_odds,float64,1.0,0
away_keeper_sweeper_actions,excluded,float64,1.0,0
home_lineup_status,excluded,str,0.0,1
away_lineup_status,excluded,str,0.0,1
home_keeper_id,excluded,float64,1.0,0
away_keeper_id,excluded,float64,1.0,0
field_tilt_gap,no_odds,float64,1.0,0
direct_speed_gap,no_odds,float64,1.0,0
home_press_vs_away_buildup,no_odds,float64,1.0,0
home_territory_pressure,no_odds,float64,1.0,0
home_creation_quality,no_odds,float64,1.0,0
away_press_vs_home_buildup,no_odds,float64,1.0,0
away_territory_pressure,no_odds,float64,1.0,0
away_creation_quality,no_odds,float64,1.0,0
feature_observed_at,excluded,float64,1.0,0
home_shot_quality_ewm10,no_odds,float64,1.0,0
away_shot_quality_ewm10,no_odds,float64,1.0,0
Season,excluded,str,0.0,5
HomeTeamPointsLast5,no_odds,float64,0.008547008547008548,15
AwayTeamPointsLast5,no_odds,float64,0.010878010878010878,15
HomeRestDays,no_odds,float64,0.008547008547008548,233
AwayRestDays,no_odds,float64,0.010878010878010878,239
HomeGoalsAve,excluded,float64,0.008547008547008548,33
AwayGoalsAve,excluded,float64,0.010878010878010878,36
feature_timestamp,excluded,str,0.0,1048
